ClubName,ClubNameShort,CountryName,LeagueName,ClubFMId
Fotbal Club FCSB,FCSB,Romania,Romanian First League,1513
FC CFR 1907 Cluj,CFR Cluj,Romania,Romanian First League,7540205
U Craiova 1948 CS,Universitatea Craiova,Romania,Romanian First League,57111101
Fotbal Club Viitorul Constanta,FC Viitorul,Romania,Romanian First League,57047936
AFC Astra Giurgiu,Astra Giurgiu,Romania,Romanian First League,57110823
FC Dinamo 1948 Bucuresti,Dinamo Bucuresti,Romania,Romanian First League,1500
CS Gaz Metan Medias,Gaz Metan Medias,Romania,Romanian First League,138153
AFC Botosani,FC Botosani,Romania,Romanian First League,7540447
ACS Sepsi OSK Sfantu Gheorghe,Sepsi OSK,Romania,Romanian First League,57110237
CSM Politehnica Iasi,CSM Poli Iasi,Romania,Romanian First League,57086204
AFC Hermannstadt Sibiu,FC Hermannstadt,Romania,Romanian First League,57143011
AFC Chindia Targoviste,Chindia Targoviste,Romania,Romanian First League,57066631
FC Voluntari,FC Voluntari,Romania,Romanian First League,57065222
AS FC Universitatea Cluj,U Cluj,Romania,Romanian Second League,1515
FC Academica Clinceni,Academica Clinceni,Romania,Romanian First League,57141886
CS Concordia Chiajna,Concordia Chiajna,Romania,Romanian Second League,57000252
AFC Dunarea 2005 Calarasi,Dunarea Calarasi,Romania,Romanian Second League,57000258
ACS Petrolul 52 Ploiesti,Petrolul Ploiesti,Romania,Romanian Second League,57151160
Fotbal Club Rapid 1923,FC Rapid,Romania,Romanian Second League,57171586
ACS Campionii FC Arges,FC Arges,Romania,Romanian Second League,1502
AFC UTA Arad,UTA Arad,Romania,Romanian Second League,57113687
ASSCS Farul Constanta,Farul Constanta,Romania,Romanian Second League,57150853
CS Mioveni,,Romania,Romanian Second League,57080206
CS Pandurii Lignitul Targu Jiu,Pandurii Targu Jiu,Romania,Romanian Second League,7540061
AFC Ripensia Timisoara,Ripensia,Romania,Romanian Second League,7546743
ASC Daco-Getica Bucuresti,Daco-Getica,Romania,Romanian Second League,7540450
SCM Gloria Buzau,Gloria Buzau,Romania,Romanian Second League,57174340
AFK Csikszereda Miercurea Ciuc,Csikszereda,Romania,Romanian Second League,57110301
ASU Politehnica Timisoara,ASU Politehnica,Romania,Romanian Second League,57099588
Clubul Sportiv Muncitoresc Resita,CSM Resita,Romania,Romanian Second League,57131211
AFC Turris-Oltul Turnu Magurele,Turris Turnu Magurele,Romania,Romanian Second League,57057253
ACS Viitorul Pandurii Targu Jiu,Viitorul Targu Jiu,Romania,Romanian Second League,57057268
CS Aerostar Bacau,Aerostar Bacau,Romania,Romanian Third League Group 1,7540445
FC Metaloglobus Bucuresti,Metaloglobus,Romania,Romanian Second League,57061123
ACS Dacia Unirea Braila,Dacia Unirea Braila,Romania,Romanian Third League Group 2,57139475
CS Luceafarul Oradea,Luceafarul Oradea,Romania,Romanian Third League Group 5,57044148
CS Balotesti,,Romania,Romanian Third League Group 3,57057245
U Craiova 1948 SA,FC U Craiova,Romania,Romanian Third League Group 4,57170797
ACS Suporter Club Otelul Galati,Otelul Galati,Romania,Romanian Third League Group 1,57152989
CS Sportul Snagov,Sportul Snagov,Romania,Romanian Second League,57169223
ACS Foresta Suceava,Foresta Suceava,Romania,Romanian Third League Group 1,57031881
ACS Poli Timisoara,,Romania,Romanian Third League Group 4,57102772
Fotbal Club FCSB II,FCSB II,Romania,Romanian Third League Group 2,7543791
FC Voluntari II,,Romania,Romanian Third League Group 3,57071690
AFC Unirea 1924,Unirea Alba Iulia,Romania,Romanian Third League Group 5,57142845
ACSM Ceahlaul Piatra Neamt,Ceahlaul Piatra Neamt,Romania,Romanian Third League Group 1,57151105
CSC Dumbravita,,Romania,Romanian Third League Group 4,57065617
U Craiova 1948 CS II,Universitatea Craiova II,Romania,Romanian Third League Group 3,57117617
FC CFR 1907 Cluj II,CFR Cluj II,Romania,Romanian Third League Group 5,57022261
AFC Astra II,Astra II,Romania,Romanian Third League Group 3,57113824
CSM Alexandria,,Romania,Romanian Third League Group 3,57048549
CS Afumati,,Romania,Romanian Third League Group 2,57057243
ACS Unu Fotbal Club Gloria,Gloria Bistrita,Romania,Romanian Third League Group 5,57086421
CS Stiinta Miroslava,Stiinta Miroslava,Romania,Romanian Third League Group 1,57072161
AFC Metalurgistul Cugir 1939,Metalurgistul Cugir,Romania,Romanian Third League Group 5,57050185
AFC Progresul 1944 Spartac,Progresul Spartac,Romania,Romanian Third League Group 3,57031764
AFC Unirea 04 Slobozia,Unirea Slobozia,Romania,Romanian Third League Group 2,57000777
LPS Cetate Deva,Cetate Deva,Romania,Romanian Third League Group 4,57072027
ACS Olimpic Cetate Rasnov,CS Rasnov,Romania,Romanian Third League Group 3,57024436
ACS Industria Galda,Industria Galda,Romania,Romanian Third League Group 5,57065137
AFC Metalul Buzau,Metalul Buzau,Romania,Romanian Third League Group 2,57050239
CSM Bucovina Radauti,Bucovina Radauti,Romania,Romanian Third League Group 1,57048690
ACS Fotbal Comuna Recea,Comuna Recea,Romania,Romanian Third League Group 5,57110352
CS National Sebis,National Sebis,Romania,Romanian Third League Group 4,57018687
CSM Flacara Moreni,Flacara Moreni,Romania,Romanian Third League Group 3,7546430
CS Sanatatea Servicii Publice Cluj-Napoca,Sanatatea Cluj,Romania,Romanian Third League Group 5,57015312
SC Popesti-Leordeni,SC Popesti Leordeni,Romania,Romanian Third League Group 2,57113519
CS Sporting Liesti,Sporting Liesti,Romania,Romanian Third League Group 1,57071961
ACS Inainte Modelu,Inainte Modelu,Romania,Romanian Third League Group 2,57076759
CS Tunari,,Romania,Romanian Third League Group 2,57053599
CS Soimii Lipova,Soimii Lipova,Romania,Romanian Third League Group 4,57048425
CSM Slatina,,Romania,Romanian Third League Group 3,57055056
CS Gloria Lunca-Teuz Cermei,Lunca Teuz,Romania,Romanian Third League Group 4,57115741
ACS KSE Targu Secuiesc,KSE Targu Secuiesc,Romania,Romanian Third League Group 1,57142945
AS FC Agricola Borcea,Agricola Borcea,Romania,Romanian Third League Group 2,57076763
ACSO Filiasi,CSO Filiasi,Romania,Romanian Third League Group 4,57088202
CSM Avantul Reghin,Avantul Reghin,Romania,Romanian Third League Group 5,57000781
CSM Focsani 2007,CSM Focsani,Romania,Romanian Third League Group 1,7540044
CS Faurei,,Romania,Romanian Third League Group 2,57065245
CS Minaur Baia Mare,Minaur Baia Mare,Romania,Romanian Third League Group 5,57175414
CSM Pascani,,Romania,Romanian Third League Group 1,57049834
CSC Ghiroda si Giarmata Vii,CSC Ghiroda,Romania,Romanian Third League Group 4,57107762
ACS Flacara Horezu,Flacara Horezu,Romania,Romanian Third League Group 4,57065639
CSA Axiopolis Sport Cernavoda,Axiopolis Cernavoda,Romania,Romanian Third League Group 2,57061158
ACS Vedita Colonesti M.S.,Vedita Colonesti,Romania,Romanian Third League Group 3,57129123
AFC Odorheiu Secuiesc,Odorheiu Secuiesc,Romania,Romanian Third League Group 5,57062710
CS Hunedoara,,Romania,Romanian Third League Group 4,57153289
ACS Unirea Bascov,Unirea Bascov,Romania,Romanian Third League Group 3,57127415
CS Medgidia,,Romania,Romanian Third League Group 2,57174838
ACS SR Municipal Brasov,SR Brasov,Romania,Romanian Third League Group 3,57172393
ACS Sticla Ariesul Turda,Sticla Ariesul,Romania,Romanian Third League Group 5,57031221
AS FC Pucioasa,FC Pucioasa,Romania,Romanian Third League Group 3,57080814
AS Fortuna Becicherecu Mic,Fortuna Becicherecu Mic,Romania,Romanian Third League Group 4,57154460
FC Unirea Dej,Unirea Dej,Romania,Romanian Third League Group 5,7542454
SCM Zalau,,Romania,Romanian Third League Group 5,57207780
AFC Botosani II,Botosani II,Romania,Romanian Third League Group 1,57000095
CS Crisul Chisineu Cris,Crisul Chisineu Cris,Romania,Romanian Third League Group 4,57048447
FC Ozana Targu Neamt,Ozana Targu Neamt,Romania,Romanian Third League Group 1,57190089
ACS Somuz Falticeni,Somuz Falticeni,Romania,Romanian Third League Group 1,57121813
ACS Mostistea Ulmu,Mostistea Ulmu,Romania,Romanian Third League Group 2,57174375
CSC Sanmartin,,Romania,Romanian Third League Group 5,57069271
CS Sporting Rosiori 2008,Sporting Rosiori,Romania,Romanian Third League Group 3,57048718
CS Viitorul Daesti,Viitorul Daesti,Romania,Romanian Third League Group 4,57121993
CS Blejoi,,Romania,Romanian Third League Group 3,57080965
CS Viitorul Ianca,Viitorul Ianca,Romania,Romanian Third League Group 2,57048678
CSM Bacau,,Romania,Romanian Third League Group 1,57189775
ACS Universitatea Dunarea de Jos Galati,CS U Galati,Romania,Romanian Third League Group 1,57174956
CS Gilortul Targu Carbunesti,Gilortul Targu Carbunesti,Romania,Romanian Third League Group 4,7540072
CS Poseidon 2 Mai Limanu,Poseidon Limanu,Romania,Romanian Third League Group 2,57190300
ACS Tractorul Cetate,Tractorul Cetate,Romania,Romanian Third League Group 3,57142959
ACS Viitorul Selimbar,Viitorul Selimbar,Romania,Romanian Third League Group 5,57159498
ACS Husana Husi,Husana Husi,Romania,Romanian Third League Group 1,57174325
ACS Recolta Gheorghe Doja,Recolta Gheorghe Doja,Romania,Romanian Third League Group 2,57072054
Energia Negresti,,Romania,Romanian Fourth League Satu Mare,7542203
CSM Ramnicu Sarat,,Romania,Romanian Fourth League Buzau,7543265
CS Strehaia,,Romania,Romanian Fourth League Mehedinti,57065486
ACS Floresti,,Romania,Romanian Fourth League Cluj,57156430
Unirea 08 Tasnad,Unirea Tasnad,Romania,Romanian Fourth League Satu Mare,57068914
CSO Viitorul Liteni,Liteni,Romania,Romanian Fourth League Suceava,57061221
AFC Viitorul Albesti,Viitorul Albesti,Romania,Romanian Fourth League Botosani,57048644
Talna Orasu Nou,Orasu Nou,Romania,Romanian Fourth League Satu Mare,57068880
ACS Pescarusul Sarichioi Junior,Sarichioi,Romania,Romanian Fourth League Tulcea,57065631
CS Iernut,,Romania,Romanian Fourth League Mures,57061192
ACS FC Avrig,FC Avrig,Romania,Romanian Fourth League Sibiu,57061218
CS Viitorul Ulmeni,Viitorul Ulmeni,Romania,Romanian Fourth League Maramures,57110356
AS Capleni,,Romania,Romanian Fourth League Satu Mare,57191027
ACS Viitorul Domnesti,Viitorul Domnesti,Romania,Romanian Fourth League Ilfov,57065176
CSM FC Vaslui,FC Vaslui,Romania,Romanian Fourth League Vaslui,57189540
ACS Vointa Budeasa,Vointa Budeasa,Romania,Romanian Fourth League Arges,57188350
ACS Sportul Chiscani,Sportul Chiscani,Romania,Romanian Fourth League Braila,57065241
ACS Progresul Pecica,Progresul Pecica,Romania,Romanian Third League Group 4,57048456
CS Millenium Giarmata,Giarmata,Romania,Romanian Fourth League Timis,57050300
CSM Satu Mare,,Romania,Romanian Fourth League Satu Mare,57191025
CS Argesul 2009 Mihailesti,Argesul Mihailesti,Romania,Romanian Fourth League Giurgiu,57050228
CS Minerul Rodna,Minerul Rodna,Romania,Romanian Fourth League Bistrita-Nasaud,57050190
AS Galambfalva Porumbenii Mari,Porumbenii Mari,Romania,Romanian Fourth League Harghita,57190792
CS Speranta Raucesti,Raucesti,Romania,Romanian Fourth League Neamt,57072372
AFC Harman,Harman,Romania,Romanian Fourth League Brasov,57014874
AS Bradu Borca,Bradu Borca,Romania,Romanian Fourth League Neamt,57121774
ACS Team Sageata,Team Sageata,Romania,Romanian Fourth League Buzau,57155990
AS Gloria 2015 Cornesti,Gloria 2015 Cornesti,Romania,Romanian Fourth League Dambovita,57142951
CS Real Bradu,Real Bradu,Romania,Romanian Fourth League Arges,57172837
ACS Avantul Barsana,Avantul Barsana,Romania,Romanian Fourth League Maramures,57072332
Moldova Cristesti,,Romania,Romanian Fourth League Iasi,57171163
CS Dunarea Calafat,Dunarea Calafat,Romania,Romanian Fourth League Dolj,57002787
AFC Vointa Lupac,Lupac,Romania,Romanian Fourth League Caras-Severin,57048156
CS Gheorgheni - VSK Gheorgheni,Gheorgheni,Romania,Romanian Fourth League Harghita,57175106
CS Ocna Mures,Ocna Mures,Romania,Romanian Fourth League Alba,57036170
ACSM Oltenita,CSM Oltenita,Romania,Romanian Fourth League Calarasi,57086449
CSO Retezatul Hateg,Retezatul,Romania,Romanian Fourth League Hunedoara,57048072
ASC Olimpic Zarnesti,ASC Zarnesti,Romania,Romanian Fourth League Brasov,57071671
AS Viitorul Curita,Viitorul Curita,Romania,Romanian Fourth League Bacau,57142874
CSM Lugoj,,Romania,Romanian Fourth League Timis,57141893
CS Magurele,,Romania,Romanian Fourth League Ilfov,57175323
ACSO Viitorul Pantelimon,Viitorul Pantelimon,Romania,Romanian Fourth League Ilfov,57175353
ACS FC Papauti,FC Papauti,Romania,Romanian Fourth League Covasna,57061162
ACS Stiinta Turceni,Turceni,Romania,Romanian Fourth League Gorj,57061175
ACS Viitorul Dragomiresti Vale,Viitorul Dragomiresti,Romania,Romanian Fourth League Ilfov,57061179
AS Recolta Gura Sutii,Recolta Gura Sutii,Romania,Romanian Fourth League Dambovita,57071933
Unirea Mircesti,,Romania,Romanian Fourth League Iasi,57072165
CSA Steaua Bucuresti,CSA Steaua,Romania,Romanian Fourth League Bucuresti,57141891
AS Flacara Erbiceni,Erbiceni,Romania,Romanian Fourth League Iasi,57152150
CS Progresul Nasaud,Progresul Nasaud,Romania,Romanian Fourth League Bistrita-Nasaud,57048710
AS Minerul Costesti,Minerul Costesti,Romania,Romanian Fourth League Valcea,57143081
ACS Viitorul Simian,Viitorul Simian,Romania,Romanian Fourth League Mehedinti,57143035
CSM Victoria Carei,,Romania,Romanian Fourth League Satu Mare,57034210
Viitorul Fintinele,,Romania,Romanian Fourth League Constanta,57142937
FC Pojorata,,Romania,Romanian Fourth League Suceava,57175649
CS Dumbrava Galgau-Almasului,Dumbrava Galgau,Romania,Romanian Fourth League Salaj,57048699
CS Progresul Somcuta Mare,Somcuta Mare,Romania,Romanian Fourth League Maramures,57065525
CS Rapid Buzescu,Rapid Buzescu,Romania,Romanian Fourth League Teleorman,57065610
CS Ciorogarla,,Romania,Romanian Fourth League Ilfov,57086505
ACS FC Somesul Dej,Somesul Dej,Romania,Romanian Fourth League Cluj,57188405
CS Petrolul Bustuchin,Petrolul Bustuchin,Romania,Romanian Fourth League Gorj,57190323
Vitis Suletea,,Romania,Romanian Fourth League Vaslui,57072487
CS Navodari,,Romania,Romanian Fourth League Constanta,7540031
ACS Metropolitan Isalnita,Metropolitan Isalnita,Romania,Romanian Fourth League Dolj,57139479
FC Panciu,Panciu,Romania,Romanian Fourth League Vrancea,57030511
Gloria Albesti,,Romania,Romanian Fourth League Constanta,57061159
Sportul Ciorasti,,Romania,Romanian Fourth League Vrancea,57175747
CS Vointa Lanurile,Lanurile,Romania,Romanian Fourth League Buzau,57057207
CS Victoria Traian,Victoria Traian,Romania,Romanian Fourth League Braila,57057203
CS Inter Petrila,Inter Petrila,Romania,Romanian Fourth League Hunedoara,57065391
AS Vointa Stremt,Stremt,Romania,Romanian Fourth League Alba,57171574
ACS Flacara Mihail Kogalniceanu,,Romania,Romanian Fourth League Tulcea,57061227
CS Silvicultorul Maieru,Silvicultorul Maieru,Romania,Romanian Fourth League Bistrita-Nasaud,57061100
Zimbrul Slobozia Conachi,,Romania,Romanian Fourth League Galati,57142965
AS Unirea Lueta,Unirea Lueta,Romania,Romanian Fourth League Harghita,57190791
ACS Carani,,Romania,Romanian Fourth League Timis,57127425
CS Carcea,,Romania,Romanian Fourth League Dolj,57190461
CS Magura Cisnadie,,Romania,Romanian Fourth League Sibiu,57118378
CS Vulturii Farcasesti,Vulturii Farcasesti,Romania,Romanian Fourth League Gorj,57175068
ACS Inter Dorohoi,Inter Dorohoi,Romania,Romanian Fourth League Botosani,57135405
AS Recolta Danceu,Recolta Danceu,Romania,Romanian Fourth League Mehedinti,57065482
AFC Singureni,,Romania,Romanian Fourth League Giurgiu,57065377
Rapid Jibou,,Romania,Romanian Fourth League Salaj,57048730
AS Unirea Cristuru Secuiesc,Unirea Cristuru Secuiesc,Romania,Romanian Fourth League Harghita,57050175
AS FC Baraganul Ciulnita,Ciulnita,Romania,Romanian Fourth League Ialomita,57072060
Victoria Munteni Buzau,,Romania,Romanian Fourth League Ialomita,57072039
CSM Mihai Viteazu Vulcan,Mihai Viteazu Vulcan,Romania,Romanian Fourth League Hunedoara,57174048
CS CIL Blaj,CIL Blaj,Romania,Romanian Fourth League Alba,57048079
CSA Aurul Brad,Aurul Brad,Romania,Romanian Fourth League Hunedoara,57032378
FC Dinamo Bacau,Dinamo Bacau,Romania,Romanian Fourth League Bacau,57174332
FC Racova Puscasi,,Romania,Romanian Fourth League Vaslui,57174328
ACS Atletico Monor,Atletico Monor,Romania,Romanian Fourth League Bistrita-Nasaud,57107712
FC Bolintin Malu Spart 2017,Bolintin Malu Spart,Romania,Romanian Fourth League Giurgiu,57065347
ACS Stiinta Danubius Bechet,Bechet,Romania,Romanian Fourth League Dolj,57071950
Flacara Muntenii de Sus,,Romania,Romanian Fourth League Vaslui,57120345
AS FC Precizia Sacele,Sacele,Romania,Romanian Fourth League Brasov,57118682
Unirea Tifesti,,Romania,Romanian Fourth League Vrancea,57061230
CSM Moinesti,,Romania,Romanian Fourth League Bacau,7540049
CS Zlatna,,Romania,Romanian Fourth League Alba,7540063
AS Soimii Topolog,Soimii Topolog,Romania,Romanian Fourth League Tulcea,57159519
CS Unirea Tiganesti,Unirea Tiganesti,Romania,Romanian Fourth League Teleorman,57072567
FC Petrolul Ticleni,Petrolul Ticleni,Romania,Romanian Fourth League Gorj,57159173
CS Progresul Bucuresti 2005,Progresul 2005,Romania,Romanian Fourth League Bucuresti,57155845
Unirea Ruginoasa,Ruginoasa,Romania,Romanian Fourth League Iasi,57072155
ACS Muresul Ludus,Muresul Ludus,Romania,Romanian Fourth League Mures,57050183
AFC Banesti-Urleta,Banesti Urleta,Romania,Romanian Fourth League Prahova,57061205
ACS Unirea Sintana,Unirea Sintana,Romania,Romanian Fourth League Arad,57048390
CS Lipnita Carvan,Lipnita Carvan,Romania,Romanian Fourth League Constanta,57065049
CS UZU Darmanesti,UZU Darmanesti,Romania,Romanian Fourth League Bacau,57069387
AS Unirea Iclod,Unirea Iclod,Romania,Romanian Fourth League Cluj,57172976
CS Energia Remus,Energia Remus,Romania,Romanian Fourth League Giurgiu,57175287
ACS Paltinis Rasinari,Rasinari,Romania,Romanian Fourth League Sibiu,57118379
AS Colibasi,,Romania,Romanian Fourth League Arges,57172818
CS Gloria Ivesti,Gloria Ivesti,Romania,Romanian Fourth League Galati,57057235
ACS Victoria Buzoesti,Victoria Buzoesti,Romania,Romanian Fourth League Arges,57107697
CS FC Dinamo Bucuresti,CS Dinamo,Romania,Romanian Fourth League Bucuresti,57141885
ACS Ajax Botoroaga,Ajax Botoroaga,Romania,Romanian Fourth League Teleorman,57088291
CS Gloria al Orasului Geoagiu,Gloria Geoagiu,Romania,Romanian Fourth League Hunedoara,57065452
CS Cornu,,Romania,Romanian Fourth League Prahova,57120208
Gloria Baneasa,,Romania,Romanian Fourth League Constanta,57061157
ACS Peris,,Romania,Romanian Fourth League Ilfov,57072127
CS Agigea,,Romania,Romanian Fourth League Constanta,57069157
CS Petrolistul Boldesti,Petrolistul,Romania,Romanian Fourth League Prahova,57030950
ACS Oltul Curtisoara,,Romania,Romanian Fourth League Olt,57114221
Petrolul Potcoava,,Romania,Romanian Fourth League Olt,57061202
CS Cozia Calimanesti,Cozia Calimanesti,Romania,Romanian Fourth League Valcea,57061233
Fortuna Capleni,,Romania,Romanian Fourth League Satu Mare,57068937
Victoria Gugesti,Gugesti,Romania,Romanian Fourth League Vrancea,57072432
Schamagosch Ciumesti,,Romania,Romanian Fourth League Satu Mare,57121943
ACS Bucharest United,Bucharest United,Romania,Romanian Fourth League Bucuresti,57188320
CS Unirea Ungheni 2018,Unirea Ungheni,Romania,Romanian Fourth League Mures,57034797
ACS Juniorul Suceava,Juniorul Suceava,Romania,Romanian Fourth League Suceava,57175644
CS Jiul Rovinari 2016,Jiul Rovinari 2016,Romania,Romanian Fourth League Gorj,57159175
CSO Plopeni,,Romania,Romanian Fourth League Prahova,57048269
ACS CAO 1910 Oradea,CAO Oradea,Romania,Romanian Fourth League Bihor,57189800
ACS Viitorul Nicolae Balcescu,Nicolae Balcescu,Romania,Romanian Fourth League Bacau,57069377
AS Vointa Livezile,Vointa Livezile,Romania,Romanian Fourth League Bistrita-Nasaud,57048709
CSO Baraolt,,Romania,Romanian Fourth League Covasna,57071819
CS Sporting Pitesti,Sporting Pitesti,Romania,Romanian Fourth League Arges,57007494
CS Olimpia Aiud,Olimpia Aiud,Romania,Romanian Fourth League Alba,57061067
ACS Viitorul Santimbru,Santimbru,Romania,Romanian Fourth League Alba,57059828
ACS Granitul Babadag,Babadag,Romania,Romanian Fourth League Tulcea,57061226
CS Pandurii Cerneti,Cerneti,Romania,Romanian Fourth League Mehedinti,57061189
ACS Unirea Tricolor Dabuleni,Dabuleni,Romania,Romanian Fourth League Dolj,57061171
CS Oravita,Oravita,Romania,Romanian Fourth League Caras-Severin,57050284
AS Unirea Tomsani,Unirea Tomsani,Romania,Romanian Fourth League Valcea,57122011
AS Stejarul Vladesti 2009,Stejarul Vladesti,Romania,Romanian Fourth League Valcea,57121997
AS Progresul Fratautii Vechi,Fratautii Vechi,Romania,Romanian Fourth League Suceava,57121873
ACS Heniu Lesu,Heniu Lesu,Romania,Romanian Fourth League Bistrita-Nasaud,57114211
CS Cumpana,,Romania,Romanian Fourth League Constanta,57190299
ACS TransDor Tudora,TransDor,Romania,Romanian Fourth League Botosani,57116012
ASC Ciucas Tarlungeni,Ciucas Tarlungeni,Romania,Romanian Fourth League Brasov,57164166
ACS Poiana Lacului,Poiana Lacului,Romania,Romanian Fourth League Arges,57154110
ACS CSM Campia Turzii,CSM Campia Turzii,Romania,Romanian Fourth League Cluj,57172981
Stiinta Beltiug,,Romania,Romanian Fourth League Satu Mare,57143063
AFC Dunarea Ciocanesti,Dunarea Ciocanesti,Romania,Romanian Fourth League Calarasi,57076741
AS National Somova,Somova,Romania,Romanian Fourth League Tulcea,57072535
ACS Jiul Podari,Jiul Podari,Romania,Romanian Fourth League Dolj,57171065
AS Roberto Ziduri,Ziduri,Romania,Romanian Fourth League Dambovita,57172904
ACS Sporting Apahida,Sporting Apahida,Romania,Romanian Fourth League Cluj,57172968
AFC Unirea Manastirea,,Romania,Romanian Fourth League Calarasi,57076745
AS Avantul Zarnesti,Avantul Zarnesti,Romania,Romanian Fourth League Buzau,57076876
CS Frontiera Curtici 2004,Frontiera Curtici,Romania,Romanian Fourth League Arad,57044164
ACS Soimul Baita,Soimul Baita,Romania,Romanian Fourth League Hunedoara,57081224
FC Voluntari III,,Romania,Romanian Fourth League Ilfov,57142132
ACSSC Chimia 1973 Rm. Valcea,Chimia Rm. Valcea,Romania,Romanian Fourth League Valcea,57133747
CS Roseal Odorheiu Secuiesc,Roseal,Romania,Romanian Fourth League Harghita,57048370
ACSM Codlea,,Romania,Romanian Fourth League Brasov,57116097
CS International Balesti,International Balesti,Romania,Romanian Fourth League Gorj,57065427
ACS Unirea Miercurea-Sibiului,,Romania,Romanian Fourth League Sibiu,57105124
AS Gigantii Varasti,Gigantii Varasti,Romania,Romanian Fourth League Giurgiu,57159170
Sportul Simleu Silvaniei,Simleu Silvaniei,Romania,Romanian Fourth League Salaj,57110371
Crasna Moftinu Mic,Moftinu Mic,Romania,Romanian Fourth League Satu Mare,57121941
AS Vointa Oituz,Oituz,Romania,Romanian Fourth League Bacau,57061081
Turul Micula,,Romania,Romanian Fourth League Satu Mare,57015198
ACS Hebe Singeorz Bai,Hebe Singeorz Bai,Romania,Romanian Fourth League Bistrita-Nasaud,57072093
Unirea Radomiresti,,Romania,Romanian Fourth League Olt,57191013
CS DLR Pitesti,DLR Pitesti,Romania,Romanian Fourth League Arges,57061071
Tractorul Nanesti,Nanesti,Romania,Romanian Fourth League Vrancea,57143108
ACS Coltea 1920 Brasov,Coltea 1920 Brasov,Romania,Romanian Fourth League Brasov,57161675
ACS Somuzul Preutesti,Somuzul Preutesti,Romania,Romanian Fourth League Suceava,57121871
CS Somesul Rebrisoara,Rebrisoara,Romania,Romanian Fourth League Bistrita-Nasaud,57061099
Vointa 2012 Babiciu,Vointa Babiciu,Romania,Romanian Fourth League Olt,57110367
FC Brezoaele,Brezoaele,Romania,Romanian Fourth League Dambovita,57110268
Speranta Halmeu,,Romania,Romanian Fourth League Satu Mare,57191022
ACS Unirea Curtesti,Unirea Curtesti,Romania,Romanian Fourth League Botosani,57174335
AS FC Urziceni,FC Urziceni,Romania,Romanian Fourth League Ialomita,57174505
CS Victoria Tandarei,Tandarei,Romania,Romanian Fourth League Ialomita,57059848
ACS Ariesul Mihai Viteazu,Ariesul Mihai Viteazu,Romania,Romanian Fourth League Cluj,57057223
CS Victoria Zabrani,Victoria Zabrani,Romania,Romanian Fourth League Arad,57069363
Luceafarul Decebal,,Romania,Romanian Fourth League Satu Mare,57068907
Viitorul Axintele,Axintele,Romania,Romanian Fourth League Ialomita,57065467
CSO Siretul Dolhasca,Siretul Dolhasca,Romania,Romanian Fourth League Suceava,57175636
Sparta Techirghiol,Techirghiol,Romania,Romanian Fourth League Constanta,57071769
ACS Pobeda Star Bisnov,Pobeda Star Bisnov,Romania,Romanian Fourth League Timis,57050304
CS Avantul Periam,Avantul Periam,Romania,Romanian Fourth League Timis,57142144
ACS Comunal Recolta Dorolt,Dorolt,Romania,Romanian Fourth League Satu Mare,57061212
Victoria Horia,,Romania,Romanian Fourth League Neamt,57061201
CF Abatorul Slobozia,Abatorul,Romania,Romanian Fourth League Ialomita,57015192
CS Inter Cristian,Inter Cristian,Romania,Romanian Fourth League Brasov,57048648
Atletic Club Barlad,,Romania,Romanian Fourth League Vaslui,57159527
CS Mioveni II,,Romania,Romanian Fourth League Arges,57100554
AS Prima Bradut,Prima Bradut,Romania,Romanian Fourth League Covasna,57061166
AS Farkaslaka Lupeni,Farkaslaka Lupeni,Romania,Romanian Fourth League Harghita,57190790
CS Barcau Nusfalau,CS Barcau,Romania,Romanian Fourth League Salaj,57048728
AFC Brebu,,Romania,Romanian Fourth League Prahova,57075288
ACS Eciro Forest Telciu,Eciro Forest,Romania,Romanian Fourth League Bistrita-Nasaud,57065145
CS Unirea Tomnatic,Unirea Tomnatic,Romania,Romanian Fourth League Timis,57049997
ACS Steagu Rosu Brasov,Steagu Rosu,Romania,Romanian Fourth League Brasov,57031433
CSO Teleajenul Valenii de Munte,CSO Teleajenul,Romania,Romanian Fourth League Prahova,57120210
CSO Tricolorul Breaza,CSO Tricolorul,Romania,Romanian Fourth League Prahova,57120205
AFC Victoria Adunatii Copaceni,Adunatii Copaceni,Romania,Romanian Fourth League Giurgiu,57159171
Oltetul Osica,,Romania,Romanian Fourth League Olt,57159182
AFC Comprest GIM,Comprest GIM,Romania,Romanian Fourth League Bucuresti,57048619
CS Avantul Floresti,Avantul Floresti,Romania,Romanian Fourth League Giurgiu,57059843
CS Atletic Olimpia Gherla,Atletic Olimpia Gherla,Romania,Romanian Fourth League Cluj,57061150
CS Venus Independenta,,Romania,Romanian Fourth League Calarasi,57057211
AS Montana Patarlagele,Patarlagele,Romania,Romanian Fourth League Buzau,57065259
CSC Dudestii Noi,Dudestii Noi,Romania,Romanian Fourth League Timis,57191002
AS Vointa Garleni,Vointa Garleni,Romania,Romanian Fourth League Bacau,57061080
AS Argesul Hotarele,Hotarele,Romania,Romanian Fourth League Giurgiu,57117759
Unirea Branistea,,Romania,Romanian Fourth League Galati,57057233
ACS Rapid Buchin,Buchin,Romania,Romanian Fourth League Caras-Severin,57129923
AS Vulturul Magiresti,Vulturul Magiresti,Romania,Romanian Fourth League Bacau,57129875
Frohlich Foieni,,Romania,Romanian Fourth League Satu Mare,57068916
AFC Asalt Bucuresti,Asalt Bucuresti,Romania,Romanian Fourth League Bucuresti,57167683
CSM Dacia Orastie 2010,Dacia Orastie,Romania,Romanian Fourth League Hunedoara,57065444
AS Infratirea Zoita,Zoita,Romania,Romanian Fourth League Buzau,57076872
AS Tineretul Morareni,Tineretul Morareni,Romania,Romanian Fourth League Harghita,57190796
ACS Astra Plosca,Astra Plosca,Romania,Romanian Fourth League Teleorman,57110375
AS Croatia Clocotici,Clocotici,Romania,Romanian Fourth League Caras-Severin,57107738
ACS Socodor,CS Socodor,Romania,Romanian Fourth League Arad,57155360
FC Bolintin Deal,Bolintin Deal,Romania,Romanian Fourth League Giurgiu,57159169
CS Sparta Medias,,Romania,Romanian Fourth League Sibiu,57000112
ACS Muresul Rusii Munti,Muresul Rusii Munti,Romania,Romanian Fourth League Mures,57072305
AS Cetatea Homorod,Cetatea Homorod,Romania,Romanian Fourth League Brasov,57048654
ACS Vointa Visani,Visani,Romania,Romanian Fourth League Braila,57071640
CS Stejarul Barnova,Stejarul Barnova,Romania,Romanian Fourth League Iasi,57143003
Vointa Babta,Babta,Romania,Romanian Fourth League Satu Mare,57068925
ACS FC Sansimion,Sansimion,Romania,Romanian Fourth League Harghita,57142995
FC Lapusul Targu Lapus,Lapusul,Romania,Romanian Fourth League Maramures,57065527
AS Recolta Salistea de Sus,Recolta Salistea,Romania,Romanian Fourth League Maramures,57072347
ACS Dunarea Gradistea,,Romania,Romanian Fourth League Calarasi,57076787
Real Andrid,,Romania,Romanian Fourth League Satu Mare,57068864
CS Pro Muresul Toplita,Pro Muresul Toplita,Romania,Romanian Fourth League Harghita,57142991
CS Manesti 2013 Coada Izvorului,Manesti,Romania,Romanian Fourth League Prahova,57153920
FC Rapid Brodoc,Rapid Brodoc,Romania,Romanian Fourth League Vaslui,57190748
AS Unirea Ungureni,Unirea Ungureni,Romania,Romanian Fourth League Dambovita,57142947
AFC UTA Arad II,UTA Arad II,Romania,Romanian Fourth League Arad,57127505
AS Progresul Terezian Sibiu,Progresul Terezian,Romania,Romanian Fourth League Sibiu,57086577
Silvania Cehu Silvaniei,Cehu Silvaniei,Romania,Romanian Fourth League Salaj,57061216
ACS Tricolorul Jegalia,Jegalia,Romania,Romanian Fourth League Calarasi,57086465
CS Berceni,,Romania,Romanian Fourth League Ilfov,57159067
AS Olimpicii Ulmi,Olimpicii Ulmi,Romania,Romanian Fourth League Dambovita,57170881
CS Glogovat 2013,CS Glogovat,Romania,Romanian Fourth League Arad,57142864
ACS Avantul Bragadiru,Avantul Bragadiru,Romania,Romanian Fourth League Teleorman,57143071
ACS Gloria Berevoiesti,Gloria Berevoiesti,Romania,Romanian Fourth League Arges,57142870
ACS Draganesti Vlasca,Draganesti Vlasca,Romania,Romanian Fourth League Teleorman,57154235
ACS Raza de Soare Acatari,Raza de Soare,Romania,Romanian Fourth League Mures,57143043
Victoria Letcani,Letcani,Romania,Romanian Fourth League Iasi,57107749
CS Podgoria Pancota,Podgoria Pancota,Romania,Romanian Fourth League Arad,57169868
AS Recolta Salcioara,Recolta Salcioara,Romania,Romanian Fourth League Buzau,57110206
ACS Sovata,,Romania,Romanian Fourth League Mures,57175454
CS Viitorul Bors,,Romania,Romanian Fourth League Bihor,57082716
FC 2006 Partizan Crivat,Crivat,Romania,Romanian Fourth League Calarasi,57076777
CS Paulesti,,Romania,Romanian Fourth League Prahova,57075298
Oltul Slatioara,,Romania,Romanian Fourth League Olt,57075280
AFC Micesti,,Romania,Romanian Fourth League Alba,57129838
ACS Prejmer,Prejmer,Romania,Romanian Fourth League Brasov,57119008
Victoria Apa,,Romania,Romanian Fourth League Satu Mare,57121930
AS Covasna,,Romania,Romanian Fourth League Covasna,57110239
CSM Fieni,,Romania,Romanian Fourth League Dambovita,57065313
CS Moldova Noua,Moldova Noua,Romania,Romanian Fourth League Caras-Severin,57009455
AS 2000 Bucecea,Bucecea,Romania,Romanian Fourth League Botosani,57065203
AS Vointa Saelele 2017,Vointa Saelele,Romania,Romanian Fourth League Teleorman,57191036
CS Metalul Peretu,Peretu,Romania,Romanian Fourth League Teleorman,57061224
Stejarul Sinesti,Sinesti,Romania,Romanian Fourth League Iasi,57053613
AS Sporting Odorheiu Secuiesc,Sporting Odorheiu,Romania,Romanian Fourth League Harghita,57190795
CS Victoria Chirnogi,Chirnogi,Romania,Romanian Fourth League Calarasi,57053602
CS Paulisana Paulis,Paulisana Paulis,Romania,Romanian Fourth League Arad,57034810
CS Eforie,,Romania,Romanian Fourth League Constanta,57031920
Somesul Somes Odorhei,,Romania,Romanian Fourth League Salaj,57191017
ACS Nemere Ghelinta,Nemere,Romania,Romanian Fourth League Covasna,57061163
AS Unirea Sisesti,Unirea Sisesti,Romania,Romanian Fourth League Maramures,57072314
Gloria Baltati,Baltati,Romania,Romanian Fourth League Iasi,57061183
AS Viitorul Vama Seaca,Viitorul Vama Seaca,Romania,Romanian Fourth League Alba,57188099
Muncitorul Ghidigeni,Ghidigeni,Romania,Romanian Fourth League Galati,57065321
CS Ineu,,Romania,Romanian Fourth League Arad,7542202
CSM Dierna Orsova,Dierna Orsova,Romania,Romanian Fourth League Mehedinti,57050199
Viitorul Harlau,,Romania,Romanian Fourth League Iasi,57049859
CSM Fetesti,,Romania,Romanian Fourth League Ialomita,57190800
Quantum Club Galati,Quantum Galati,Romania,Romanian Fourth League Galati,57110288
AS Negri,,Romania,Romanian Fourth League Bacau,57061084
FC Vulturesti,,Romania,Romanian Fourth League Vaslui,57190750
ACS Victoria Bucuresti,Victoria Bucuresti,Romania,Romanian Fourth League Bucuresti,57121530
AS Filipesti,,Romania,Romanian Fourth League Bacau,57061077
CS Chimia Orasul Victoria,Orasul Victoria,Romania,Romanian Fourth League Brasov,57116099
ACS Roseti,Roseti,Romania,Romanian Fourth League Calarasi,57057213
CS Bradul Zetea,Bradul Zetea,Romania,Romanian Fourth League Harghita,57190793
Viitorul Osica de Jos,Osica de Jos,Romania,Romanian Fourth League Olt,57172626
AFC Progresul Fundulea,Fundulea,Romania,Romanian Fourth League Calarasi,57059836
FC 2007 Garceni,Garceni,Romania,Romanian Fourth League Vaslui,57057280
AS Magura Casin,Casin,Romania,Romanian Fourth League Bacau,57107702
Viitorul Gradinile,,Romania,Romanian Fourth League Olt,57065271
CS Tomesti,Tomesti,Romania,Romanian Fourth League Iasi,57072169
AS Zorile Moisei,Zorile Moisei,Romania,Romanian Fourth League Maramures,57072329
AS Perko Sanzieni,Perko Sanzieni,Romania,Romanian Fourth League Covasna,57071805
ACS Soimii Simand,Soimii Simand,Romania,Romanian Fourth League Arad,57142866
CSO Ovidiu,,Romania,Romanian Fourth League Constanta,57000248
ACS Progresul Matasaru,Progresul Matasaru,Romania,Romanian Fourth League Dambovita,57142955
Viitorul Rusanesti,,Romania,Romanian Fourth League Olt,57075278
CS Unirea Sannicolau Mare,Sannicolau Mare,Romania,Romanian Fourth League Timis,7542455
AS Atletic Tirgu Mures,Atletic Tirgu Mures,Romania,Romanian Fourth League Mures,57143039
AS Phoenix Posta Calnau,Posta Calnau,Romania,Romanian Fourth League Buzau,57061114
ACS Unirea Amarastii de Jos,Amarastii de Jos,Romania,Romanian Fourth League Dolj,57190462
ACS Spicul Daia Romana,Spicul Daia Romana,Romania,Romanian Fourth League Alba,57142860
AS Victoria Vatra Moldovitei,Vatra Moldovitei,Romania,Romanian Fourth League Suceava,57129934
CSA Axiopolis Sport Cernavoda II,Axiopolis II,Romania,Romanian Fourth League Constanta,57190301
AS Sportul Voinesti 2016,Sportul Voinesti,Romania,Romanian Fourth League Dambovita,57190460
CS Novaci,,Romania,Romanian Fourth League Gorj,57159174
FC Somesul Gilau,Somesul Gilau,Romania,Romanian Fourth League Cluj,57057217
AS Progresul 1906 Ciacova,Ciacova,Romania,Romanian Fourth League Timis,57154435
Victoria Tecuci,,Romania,Romanian Fourth League Galati,57050255
AFC Iazu,,Romania,Romanian Fourth League Ialomita,57174510
ACS Viitorul Sutesti,Sutesti,Romania,Romanian Fourth League Braila,57086429
AS Livada,,Romania,Romanian Fourth League Satu Mare,57068868
AS Victoria Lunca,Victoria Lunca,Romania,Romanian Fourth League Teleorman,57191038
AS Moldova Draguseni,Moldova Draguseni,Romania,Romanian Fourth League Suceava,57080185
ACS Unirea Tritenii de Jos,Unirea Triteni,Romania,Romanian Fourth League Cluj,57065299
ACS Maxima Hobaia,Maxima Hobaia,Romania,Romanian Fourth League Giurgiu,57190753
ACS Nicolae Linca Cergau,Nicolae Linca Cergau,Romania,Romanian Fourth League Alba,57188098
CS Ciurea,,Romania,Romanian Fourth League Iasi,57061181
Progresul Deleni,,Romania,Romanian Fourth League Iasi,57188333
Avantul Maneciu,,Romania,Romanian Fourth League Prahova,57061204
ACS Academia de Fotbal Muscelul,Muscelul Campulung,Romania,Romanian Fourth League Arges,57207224
AS Vointa Visina,,Romania,Romanian Fourth League Dambovita,57190459
AS Zorile Faraoani,,Romania,Romanian Fourth League Bacau,57189778
ACS Progresul Ezeris,Progresul Ezeris,Romania,Romanian Fourth League Caras-Severin,57190062
ACS Sandominic,Sandominic,Romania,Romanian Fourth League Harghita,57190787
CSM Alexandria II,,Romania,Romanian Fourth League Teleorman,57168341
CSM Sighisoara,,Romania,Romanian Fourth League Mures,57189761
AFC Victoria Plenita,Victoria Plenita,Romania,Romanian Fourth League Dolj,57174931
CS FC Suciu de Sus,Suciu de Sus,Romania,Romanian Fourth League Maramures,57175434
ACS Vulturul Mintiu-Gherlii,Mintiu Gherlii,Romania,Romanian Fourth League Cluj,57065302
Dacia Mediesu Aurit,,Romania,Romanian Fourth League Satu Mare,57061211
CS Jaristea,Jaristea,Romania,Romanian Fourth League Vrancea,57061229
AS Homorod Meresti,Meresti,Romania,Romanian Fourth League Harghita,57072002
ACS Viitorul Insuratei,Viitorul Insuratei,Romania,Romanian Fourth League Braila,57000247
CSC Suseni,Suseni,Romania,Romanian Fourth League Arges,57061073
AS Steaua Radovanu,Radovanu,Romania,Romanian Fourth League Calarasi,57059835
CS Viitorul Curcani,,Romania,Romanian Fourth League Calarasi,57057209
AS Metalul Bocsa,Metalul Bocsa,Romania,Romanian Fourth League Caras-Severin,57050101
FC Unirea Scanteia,,Romania,Romanian Fourth League Iasi,57155348
AS Spicul Valcelele,,Romania,Romanian Fourth League Calarasi,57155991
CSC Crisul Santandrei,Crisul Santandrei,Romania,Romanian Fourth League Bihor,57082720
ACS Gloria Zemes,Gloria Zemes,Romania,Romanian Fourth League Bacau,57116083
CS Osorhei,,Romania,Romanian Fourth League Bihor,57102777
CS Agyagfalvi Lendulet Lutita,Lutita,Romania,Romanian Fourth League Harghita,57190797
CS Metalul Vlahita,Metalul Vlahita,Romania,Romanian Fourth League Harghita,57059845
AS Unirea Bucsani,Unirea Bucsani,Romania,Romanian Fourth League Dambovita,57171303
AS Unirea Colibasi,Unirea Colibasi,Romania,Romanian Fourth League Dambovita,57171295
AS Viitorul Butesti,Viitorul Butesti,Romania,Romanian Fourth League Teleorman,57168347
CS Diosig Bihardioszeg,Diosig,Romania,Romanian Fourth League Bihor,57142882
AS Seceani,Seceani,Romania,Romanian Fourth League Timis,57154436
CS Unirea Valea lui Mihai,Unirea Valea lui Mihai,Romania,Romanian Fourth League Bihor,57048105
CS Minerul Balan,Minerul Balan,Romania,Romanian Fourth League Harghita,57142993
ACS Costesti,,Romania,Romanian Fourth League Arges,57188349
Schwaben Kalmandi Camin,,Romania,Romanian Fourth League Satu Mare,57068929
Recolta Sanislau,,Romania,Romanian Fourth League Satu Mare,57068922
AS Luceafarul Trestieni,Luceafarul Trestieni,Romania,Romanian Fourth League Giurgiu,57117767
CS Unirea Izvoarele,Unirea Izvoarele,Romania,Romanian Fourth League Giurgiu,57117747
CS Parangul Bumbesti-Jiu,Parangul Bumbesti-Jiu,Romania,Romanian Fourth League Gorj,57061178
AS LSS Vointa Sibiu,LSS Vointa,Romania,Romanian Fourth League Sibiu,57114225
LPS Suceava,,Romania,Romanian Fourth League Suceava,57161653
Unirea Paulesti,,Romania,Romanian Fourth League Satu Mare,57068896
ATSC Reci,Reci,Romania,Romanian Fourth League Covasna,57156894
AS Viitorul Tintava,Tintava,Romania,Romanian Fourth League Giurgiu,57142979
AFC Agnita,,Romania,Romanian Fourth League Sibiu,57061219
ACS Ardealul Criseni,Ardealul Criseni,Romania,Romanian Fourth League Salaj,57065581
AS Iza Dragomiresti,Iza,Romania,Romanian Fourth League Maramures,57065531
FC Victoria Lehliu,,Romania,Romanian Fourth League Calarasi,57061148
Tineretea Izvoarele,,Romania,Romanian Fourth League Prahova,57075294
AS Unirea Dragalina,,Romania,Romanian Fourth League Calarasi,57076761
Moldova Cordun,Cordun,Romania,Romanian Fourth League Neamt,57072389
Farul Tuzla,,Romania,Romanian Fourth League Constanta,57061160
AS Energia Sasciori,Sasciori,Romania,Romanian Fourth League Alba,57105161
AS Luceafarul Dragomiresti,Luceafarul Dragomiresti,Romania,Romanian Fourth League Dambovita,57110277
CS Progresul Segarcea,Segarcea,Romania,Romanian Fourth League Dolj,57061169
Venus Dumbrava,,Romania,Romanian Fourth League Satu Mare,57191023
AS Aripile Brasov,Aripile Brasov,Romania,Romanian Fourth League Brasov,57031062
Petrolul 95 Ploiesti,Petrolul 95,Romania,Romanian Fourth League Prahova,57030984
CS Victoria Vinju Mare,Victoria Vinju Mare,Romania,Romanian Fourth League Mehedinti,57191011
CS Navobi Alba Iulia,CS Navobi,Romania,Romanian Fourth League Alba,57188097
Unirea Embrak Livada,,Romania,Romanian Fourth League Bihor,57155761
Unirea Urlati,,Romania,Romanian Fourth League Prahova,57075296
ASFC Viitorul Berca,Viitorul Berca,Romania,Romanian Fourth League Buzau,57189815
CS Farcasa,,Romania,Romanian Fourth League Maramures,57065529
ASO Deta,,Romania,Romanian Fourth League Timis,57065623
Victoria Independenta,,Romania,Romanian Fourth League Galati,57065338
CS Somesul Oar,Somesul Oar,Romania,Romanian Fourth League Satu Mare,57061214
AS Unirea Saveni,Unirea Saveni,Romania,Romanian Fourth League Botosani,57065201
ACS Rapid Ungureni,Rapid Ungureni,Romania,Romanian Fourth League Botosani,57065209
AFC Babeni,,Romania,Romanian Fourth League Valcea,57065637
CS Zmeii Ogrezeni,Zmeii Ogrezeni,Romania,Romanian Fourth League Giurgiu,57071970
Trotusul Ruginesti,Ruginesti,Romania,Romanian Fourth League Vrancea,57065651
ACS Unirea Politehnica Bucuresti,Unirea Poli Bucuresti,Romania,Romanian Fourth League Bucuresti,57188319
ACS Supporter 2.0 Cluj-Napoca,Supporter 2.0,Romania,Romanian Fourth League Cluj,57188383
Vointa Cudalbi 2015,Vointa Cudalbi,Romania,Romanian Fourth League Galati,57190464
AS Peciu Nou,Peciu Nou,Romania,Romanian Fourth League Timis,57050302
ACS Viitorul Ungheni,Viitorul Ungheni,Romania,Romanian Fourth League Mures,57117785
CS Victoria Felnac,Victoria Felnac,Romania,Romanian Fourth League Arad,57142865
ACS Recolta Ostroveni,Ostroveni,Romania,Romanian Fourth League Dolj,57054962
ACS Sancrai Nazna,Sancrai Nazna,Romania,Romanian Fourth League Mures,57110361
CS Portul Constanta,Portul Constanta,Romania,Romanian Fourth League Constanta,7544887
Unirea Piscolt,,Romania,Romanian Fourth League Satu Mare,57068934
Olimpic Bocsa,,Romania,Romanian Fourth League Salaj,57119878
AFC Rapid,,Romania,Romanian Fourth League Bucuresti,57161240
ACS Petrolul Roata,Petrolul Roata,Romania,Romanian Fourth League Giurgiu,57117765
AS Spicul Izvoru,Spicul Izvoru,Romania,Romanian Fourth League Giurgiu,57065369
AS Vointa Slobozia,Vointa Slobozia,Romania,Romanian Fourth League Giurgiu,57065383
AS 2017 Slatina Timis,Slatina Timis,Romania,Romanian Fourth League Caras-Severin,57190060
CS Timisul Sag,Timisul Sag,Romania,Romanian Fourth League Timis,57050303
AS Harghita Aita Mare,Aita Mare,Romania,Romanian Fourth League Covasna,57142941
AS Iepuresti,,Romania,Romanian Fourth League Giurgiu,57175263
AS CS Cetate 800 Ardud,Cetate Ardud,Romania,Romanian Fourth League Satu Mare,57088308
FC Metaloglobus Bucuresti II,Metaloglobus II,Romania,Romanian Fourth League Bucuresti,57088032
ACS Viitorul Baleasa,Viitorul Baleasa,Romania,Romanian Fourth League Olt,57191015
Vointa Schitu,,Romania,Romanian Fourth League Olt,57191016
CS Amara,,Romania,Romanian Fourth League Ialomita,57057241
ACS Bradul Viseu de Sus,Bradul Viseu,Romania,Romanian Fourth League Maramures,57072344
AS Inter Salcia,Inter Salcia,Romania,Romanian Fourth League Mehedinti,57175127
ASC Sarmasu 2005,,Romania,Romanian Fourth League Mures,57065513
Unirea Ion Roata,,Romania,Romanian Fourth League Ialomita,57065461
AS Viitorul Negomir,Viitorul Negomir,Romania,Romanian Fourth League Gorj,57065425
AS Silver Inter Zorile,Inter Zorile,Romania,Romanian Fourth League Giurgiu,57065385
AS Dunarea Oinacu,Dunarea Oinacu,Romania,Romanian Fourth League Giurgiu,57065354
CS Rapid Clejani,Rapid Clejani,Romania,Romanian Fourth League Giurgiu,57071977
AS Progresul Sita Buzaului,Sita Buzaului,Romania,Romanian Fourth League Covasna,57071815
AS Avantul Ilieni,Avantul Ilieni,Romania,Romanian Fourth League Covasna,57071809
AS Chiesd,,Romania,Romanian Fourth League Salaj,57065573
Vointa Lazuri,,Romania,Romanian Fourth League Satu Mare,57068890
ACS Campionii FC Arges II,FC Arges II,Romania,Romanian Fourth League Arges,57002816
ACS Minerul Uricani,Minerul Uricani,Romania,Romanian Fourth League Hunedoara,57000254
Stiinta ACALAB Poarta Alba,Poarta Alba,Romania,Romanian Fourth League Constanta,57061156
ACS Locomotiva Buzau,Locomotiva Buzau,Romania,Romanian Fourth League Buzau,57061112
ACS Miercurea Nirajului,Miercurea Nirajului,Romania,Romanian Fourth League Mures,57048026
Avantul Vanatori,,Romania,Romanian Fourth League Galati,57059838
ACS Vointa Masloc,Masloc,Romania,Romanian Fourth League Timis,57126697
AS Unirea Cosoba,Unirea Cosoba,Romania,Romanian Fourth League Giurgiu,57117769
ACS Recolta Fantanele,Recolta Fantanele,Romania,Romanian Fourth League Suceava,57143069
ACS Bradul Grosii Tiblesului,Grosii Tiblesului,Romania,Romanian Fourth League Maramures,57110354
Sporting Barlad,,Romania,Romanian Fourth League Vaslui,57159526
AS Ghenci,,Romania,Romanian Fourth League Satu Mare,57191029
AS Unirea Mosteni,Unirea Mosteni,Romania,Romanian Fourth League Teleorman,57191037
Viitorul Lucaceni,,Romania,Romanian Fourth League Satu Mare,57191028
AS Soimii Otelu Rosu 2015,Otelu Rosu,Romania,Romanian Fourth League Caras-Severin,57190061
AS Podul Doamnei,Podul Doamnei,Romania,Romanian Fourth League Giurgiu,57190752
CS Cocosul Ortisoara,Cocosul,Romania,Romanian Fourth League Timis,57113844
AS Flacara 1907 Flamanzi,Flacara Flamanzi,Romania,Romanian Fourth League Botosani,57086423
AS Ileanda,,Romania,Romanian Fourth League Salaj,57075245
Staruinta Berveni,,Romania,Romanian Fourth League Satu Mare,57068919
CS Dofteana,,Romania,Romanian Fourth League Bacau,57069385
AS Prosport Varfu Campului,Prosport Vf. Campului,Romania,Romanian Fourth League Botosani,57065207
AS Romprim,Romprim,Romania,Romanian Fourth League Bucuresti,57048651
AS Cosniciu,,Romania,Romanian Fourth League Salaj,57191018
Victoria Zimbrul Bordeasca,,Romania,Romanian Fourth League Vrancea,57191041
AS Bradu,,Romania,Romanian Fourth League Sibiu,57175600
AS Strejnic,,Romania,Romanian Fourth League Prahova,57189667
CS Unirea Grivita,Unirea Grivita,Romania,Romanian Fourth League Ialomita,57072041
AFCS Carpati Berivoi,Berivoi,Romania,Romanian Fourth League Brasov,57065213
AS FC Cernat,FC Cernat,Romania,Romanian Fourth League Covasna,57071811
AS Juventus Bascov,Juventus Bascov,Romania,Romanian Fourth League Arges,57015201
Crisul Alesd,,Romania,Romanian Fourth League Bihor,57048721
AS Barsanesti,,Romania,Romanian Fourth League Bacau,57189772
AS Avantul Baia-de-Fier,Avantul Baia-de-Fier,Romania,Romanian Fourth League Gorj,57061174
ASFC Bretcu,FC Bretcu,Romania,Romanian Fourth League Covasna,57061164
ACS Comunal Cazasu,Cazasu,Romania,Romanian Fourth League Braila,57061106
CS Recolta Gheorghe Lazar 2017,Recolta Gheorghe Lazar,Romania,Romanian Fourth League Ialomita,57057237
AS Real Colibasi,Real Colibasi,Romania,Romanian Fourth League Giurgiu,57117763
ACS Basarabi Curtea de Arges,Basarabi Curtea de Arges,Romania,Romanian Fourth League Arges,57154113
FC Universitatea Oradea,Universitatea Oradea,Romania,Romanian Fourth League Bihor,57129914
CSM Jiul Petrosani,Jiul,Romania,Romanian Fourth League Hunedoara,1300956
ACS Homocea,Homocea,Romania,Romanian Fourth League Vrancea,57061232
AS Soimii Siriu,Siriu,Romania,Romanian Fourth League Buzau,57065250
AS Viitorul Vedea,Viitorul Vedea,Romania,Romanian Fourth League Giurgiu,57065373
Sportul Botiz,,Romania,Romanian Fourth League Satu Mare,57068886
AS Siretul Bacau,Siretul Bacau,Romania,Romanian Fourth League Bacau,57069389
AS CFR Dej,CFR Dej,Romania,Romanian Fourth League Cluj,57071755
CS Mihail Kogalniceanu,Mihail Kogalniceanu,Romania,Romanian Fourth League Constanta,57071783
Agrostar Tulucesti,,Romania,Romanian Fourth League Galati,57175026
AS Spicul Seica Mare,,Romania,Romanian Fourth League Sibiu,57175605
AS Viitorul Urechesti,,Romania,Romanian Fourth League Bacau,57189773
AS Ezustfenyo Ciceu,Ezustfenyo Ciceu,Romania,Romanian Fourth League Harghita,57190788
AS Obirsia de Camp,Obirsia de Camp,Romania,Romanian Fourth League Mehedinti,57191012
AS Diadema Gheraseni,Gheraseni,Romania,Romanian Fourth League Buzau,57110198
Avantul Draganesti,,Romania,Romanian Fourth League Galati,57110289
LPS Cetate Deva II,Cetate Deva II,Romania,Romanian Fourth League Hunedoara,57142997
AS Beroe Ostrov,Beroe Ostrov,Romania,Romanian Fourth League Tulcea,57143075
AS Andycom Avramesti,Andycom Avramesti,Romania,Romanian Fourth League Harghita,57190799
AS Recolta Blajani,,Romania,Romanian Fourth League Buzau,57189814
Viitorul Vetis,,Romania,Romanian Fourth League Satu Mare,57068931
AS Somesul Feldru 1954,Somesul Feldru,Romania,Romanian Fourth League Bistrita-Nasaud,57071584
Vointa Sendriceni,Sendriceni,Romania,Romanian Fourth League Botosani,57065161
CS Bastya Lazarea,Bastya Lazarea,Romania,Romanian Fourth League Harghita,57159184
FC Olt Scornicesti,,Romania,Romanian Fourth League Olt,57159178
AS Aripile Cleja,Aripile Cleja,Romania,Romanian Fourth League Bacau,57155760
CS Madaras,Madaras,Romania,Romanian Fourth League Bihor,57142884
ACS Progresul 2012 Dumbravita,Progresul Dumbravita,Romania,Romanian Fourth League Maramures,57143025
CSC Dumbraveni,Dumbraveni,Romania,Romanian Fourth League Vrancea,57110166
CSO Stei,,Romania,Romanian Fourth League Bihor,57082714
ACS Vointa Doba,,Romania,Romanian Fourth League Satu Mare,57068894
AS FC Talmaciu,,Romania,Romanian Fourth League Sibiu,57065585
Recolta Barcanesti,,Romania,Romanian Fourth League Ialomita,57065473
AS Minerul II Matasari,Minerul II Matasari,Romania,Romanian Fourth League Gorj,57061176
Viitorul Costache Negri,,Romania,Romanian Fourth League Galati,57086494
ASCSC Orlesti,Vointa Orlesti,Romania,Romanian Fourth League Valcea,57072520
ASFC Real Teaca,Real Teaca,Romania,Romanian Fourth League Bistrita-Nasaud,57189812
AS Flacara Vaculesti,,Romania,Romanian Fourth League Botosani,57189801
AS Prietenii Rupea,Prietenii Rupea,Romania,Romanian Fourth League Brasov,57142905
AS Sportivul Trusesti,Trusesti,Romania,Romanian Fourth League Botosani,57071625
CS Zimbru Siret,Zimbru Siret,Romania,Romanian Fourth League Suceava,57066730
ACS Flacara Motatei,Flacara Motatei,Romania,Romanian Fourth League Dolj,57171059
AS Remeti,,Romania,Romanian Fourth League Maramures,57110350
ACS Pandurii Tudor Vladimirescu,Tudor Vladimirescu,Romania,Romanian Fourth League Braila,57109947
AS Gloria Comana,Gloria Comana,Romania,Romanian Fourth League Giurgiu,57065371
ACS Nera Bozovici,Nera Bozovici,Romania,Romanian Fourth League Caras-Severin,57050213
Dinamo Tataranu,,Romania,Romanian Fourth League Vrancea,57072438
ACS Salina Ocna Sugatag,Ocna Sugatag,Romania,Romanian Fourth League Maramures,57072335
AS Sahateni Vintileanca,,Romania,Romanian Fourth League Buzau,57189813
Recolta Stoicanesti,,Romania,Romanian Fourth League Olt,57075260
CS Bihorul Beius,Beius,Romania,Romanian Fourth League Bihor,57000108
CS Viitorul Cujmir,Viitorul Cujmir,Romania,Romanian Fourth League Mehedinti,57065490
AS Nistru,,Romania,Romanian Fourth League Maramures,57190801
AS Amatorii Rarau,Amatorii Rarau,Romania,Romanian Fourth League Suceava,57191032
AS Foresta Armenis,Foresta Armenis,Romania,Romanian Fourth League Caras-Severin,57172796
AS Turnu Severin,,Romania,Romanian Fourth League Mehedinti,57145021
CSM Olimpia Salonta,Olimpia Salonta,Romania,Romanian Fourth League Bihor,57116091
AS Stiinta Flacara Rosia de Amaradia,Rosia de Amaradia,Romania,Romanian Fourth League Gorj,57065421
AS Fraternitas Talmaciu,,Romania,Romanian Fourth League Sibiu,57211620
Cetatea Gidinti,,Romania,Romanian Fourth League Neamt,57211672
Vointa Bozieni,,Romania,Romanian Fourth League Neamt,57211671
AS Leii Sura Mica,,Romania,Romanian Fourth League Sibiu,57211621
ACS Viitorul Selimbar II,Viitorul Selimbar II,Romania,Romanian Fourth League Sibiu,57211618
AS Vulturul Poplaca,,Romania,Romanian Fourth League Sibiu,57211622
AS Victoria Viisoara,,Romania,Romanian Fourth League Cluj,57211623
AS Vulturii Galbinasi,,Romania,Romanian Fourth League Calarasi,57211639
Vointa Valea Ursului,,Romania,Romanian Fourth League Neamt,57211670
Valea Oltului Cilieni,,Romania,Romanian Fourth League Olt,57211678
AS Avintul Stejaru,,Romania,Romanian Fourth League Teleorman,57211616
Stiinta Cioflanu,,Romania,Romanian Fourth League Olt,57211677
Unirea Trifesti,,Romania,Romanian Fourth League Neamt,57211676
Moldova Pildesti,,Romania,Romanian Fourth League Neamt,57211675
Vointa Turt,,Romania,Romanian Fourth League Satu Mare,57211823
ACS Cetatea Turnu Magurele,,Romania,Romanian Fourth League Teleorman,57211615
AS WST Oniceni,,Romania,Romanian Fourth League Neamt,57211674
Stejarul Stanita,,Romania,Romanian Fourth League Neamt,57211673
CS Brazi Negoiesti,,Romania,Romanian Fourth League Prahova,57211766
AS Concordia Gramesti,,Romania,Romanian Fourth League Suceava,57211617
AS Forteni,,Romania,Romanian Fourth League Harghita,57211658
FC Orezu,,Romania,Romanian Fourth League Ialomita,57211662
Avantul Rovine,,Romania,Romanian Fourth League Ialomita,57211661
Infratirea Jilavele,,Romania,Romanian Fourth League Ialomita,57211660
CS Progresul Cerat,,Romania,Romanian Fourth League Dolj,57211648
AS Remenyseg Martinis,,Romania,Romanian Fourth League Harghita,57211659
AS Unirea Girla Mare,,Romania,Romanian Fourth League Mehedinti,57211664
AS Dinamo Inter Stanesti,,Romania,Romanian Fourth League Gorj,57211657
ACS Tineretul Poiana Mare,,Romania,Romanian Fourth League Dolj,57211650
AS Real Draganeasca,,Romania,Romanian Fourth League Giurgiu,57211656
ACS Viitorul Macesu de Sus,,Romania,Romanian Fourth League Dolj,57211651
AS Vointa Daia,,Romania,Romanian Fourth League Giurgiu,57211655
SCM Dunarea 2020 Giurgiu,,Romania,Romanian Fourth League Giurgiu,57211654
ACS Tractorul Cetate II,Tractorul Cetate II,Romania,Romanian Fourth League Dolj,57211652
Emaus Cernavoda,,Romania,Romanian Fourth League Constanta,57211643
AS Steaua 2018 Prigor,,Romania,Romanian Fourth League Caras-Severin,57211640
AS Tutora,,Romania,Romanian Fourth League Iasi,57211663
AS Magica Caransebes,,Romania,Romanian Fourth League Caras-Severin,57211641
ACS Desa,,Romania,Romanian Fourth League Dolj,57211649
Stejarul Tibucani,,Romania,Romanian Fourth League Neamt,57211669
AS Grumazesti,,Romania,Romanian Fourth League Neamt,57211668
Zorile Urecheni,,Romania,Romanian Fourth League Neamt,57211667
AS Arcus,,Romania,Romanian Fourth League Covasna,57211644
AS Cetatea 1396 Targoviste,,Romania,Romanian Fourth League Dambovita,57211645
ACS Muresul Chirileu,,Romania,Romanian Fourth League Mures,57211666
AS Steagu Rosu Colacu,,Romania,Romanian Fourth League Dambovita,57211647
Viitorul Pecineaga,,Romania,Romanian Fourth League Constanta,57211642
ACS Vointa Mariselu,Vointa Mariselu,Romania,Romanian Fourth League Bistrita-Nasaud,57048711
AS Victoria Calan,Victoria Calan,Romania,Romanian Fourth League Hunedoara,57003602
ACS Corbeanca,,Romania,Romanian Fourth League Ilfov,57044255
CSO Anina,,Romania,Romanian Fourth League Caras-Severin,57050084
AS Petrolul Stoina,Petrolul Stoina,Romania,Romanian Fourth League Gorj,57050200
AS Era S Comexim Caransebes,ERA Caransebes,Romania,Romanian Fourth League Caras-Severin,57050211
AS Progresul Isaccea,,Romania,Romanian Fourth League Tulcea,57050242
CS Rucar,Rucar,Romania,Romanian Fourth League Arges,57057193
Vointa Ion Creanga,,Romania,Romanian Fourth League Neamt,57057247
Energia Pangarati,,Romania,Romanian Fourth League Neamt,57031875
ACS Performanta Ighiu 2004,Performanta Ighiu,Romania,Romanian Fourth League Alba,57059827
AS Prundu,,Romania,Romanian Fourth League Giurgiu,57065345
National 2012 Golesti,,Romania,Romanian Fourth League Vrancea,57057260
ACS Tarnava Mica Sangeorgiu de Padure,Sangeorgiu de Padure,Romania,Romanian Fourth League Mures,57065511
AS Foresta Campulung la Tisa,Foresta Campulung,Romania,Romanian Fourth League Maramures,57065533
ASA Sibiu,,Romania,Romanian Fourth League Sibiu,57065587
Victoria Tiream,,Romania,Romanian Fourth League Satu Mare,57191030
Vointa Dochia,,Romania,Romanian Fourth League Neamt,57061200
AS Vointa Limpezis,Limpezis,Romania,Romanian Fourth League Buzau,57061113
AS Gaz Metan Finta,Gaz Metan Finta,Romania,Romanian Fourth League Dambovita,57061172
CSO Borsa,,Romania,Romanian Fourth League Maramures,57061185
ASF Girov,,Romania,Romanian Fourth League Neamt,57061199
AS Progresul Taure,Progresul Taure,Romania,Romanian Fourth League Bistrita-Nasaud,57065186
AS Olimpic Voila,Olimpic Voila,Romania,Romanian Fourth League Brasov,57065218
ACS Dacia Bertesti,Dacia Bertesti,Romania,Romanian Fourth League Braila,57065247
FCS Bistra Glimboca,Glimboca,Romania,Romanian Fourth League Caras-Severin,57065290
ACS Oltul Ionesti,Oltul Ionesti,Romania,Romanian Fourth League Valcea,57057264
AS Inter Sanger,Inter Sanger,Romania,Romanian Fourth League Mures,57061193
Vointa Slobozia Ciorasti,,Romania,Romanian Fourth League Vrancea,57065659
CSU Universitatea de Vest din Timisoara,UVT,Romania,Romanian Fourth League Timis,57182045
Olimpia MCMXXI Satu Mare,Olimpia Satu Mare,Romania,Romanian Fourth League Satu Mare,57189817
CS Universitatea Alba iulia,CSU Alba Iulia,Romania,Romanian Fourth League Alba,57189921
CS Sacueni,,Romania,Romanian Fourth League Bihor,57173175
ACS Rapid - Frumosii Nebuni ai Giulestiului,ACS Rapid FNG,Romania,Romanian Fourth League Bucuresti,57172867
AS Sporting Poieni Solca,Sporting Poieni Solca,Romania,Romanian Fourth League Suceava,57191033
CS Inter Unirea,Inter Unirea,Romania,Romanian Fourth League Alba,57207388
AS Fisag Ciucsangiorgiu,Ciucsangiorgiu,Romania,Romanian Fourth League Harghita,57190789
AS Progresul Valea Dragului,Valea Dragului,Romania,Romanian Fourth League Giurgiu,57142975
AS Carmen Satulung,Carmen Satulung,Romania,Romanian Fourth League Maramures,57143029
Sageata Biliesti,,Romania,Romanian Fourth League Vrancea,57175755
AS FC Rapid Sacalaz,Rapid Sacalaz,Romania,Romanian Fourth League Timis,57207468
Vulturul Costisa,,Romania,Romanian Fourth League Neamt,57159488
AS FC Athletic Sura Mare,,Romania,Romanian Fourth League Sibiu,57159499
FC Pausesti Otasau,Pausesti Otasau,Romania,Romanian Fourth League Valcea,57159525
ACS Gauss Bacau,Gauss Bacau,Romania,Romanian Fourth League Bacau,57171732
CS Sporting Juniorul Vaslui,Juniorul Vaslui,Romania,Romanian Fourth League Vaslui,57172096
Petrolul Baicoi,,Romania,Romanian Fourth League Prahova,57153921
CSO Negresti,,Romania,Romanian Fourth League Vaslui,57211605
CSC Sanmartin II,,Romania,Romanian Fourth League Bihor,57211567
CS Foresta Tileagd,Foresta Tileagd,Romania,Romanian Fourth League Bihor,57211569
AS Independentul Darabani,Independentul Darabani,Romania,Romanian Fourth League Botosani,57211570
CS Dinamic Unirea,,Romania,Romanian Fourth League Braila,57211571
AS Cetatenii Ghimbav,,Romania,Romanian Fourth League Brasov,57211602
Siretul Suraia,,Romania,Romanian Fourth League Vrancea,57211604
AS Rapid Bacau,Rapid Bacau,Romania,Romanian Fourth League Bacau,57211564
FC Cretesti,,Romania,Romanian Fourth League Vaslui,57211606
Viitorul Vetrisoaia,,Romania,Romanian Fourth League Vaslui,57211607
CS Oltul Dragoesti,,Romania,Romanian Fourth League Valcea,57211610
AS Baile Olanesti,,Romania,Romanian Fourth League Valcea,57211611
AS Viitorul Murighiol,,Romania,Romanian Fourth League Tulcea,57211613
AS Fortius-Partizanul Merei,Partizanul Merei,Romania,Romanian Fourth League Buzau,57211603
CS Rapid Satu Nou de Sus,Rapid Satu Nou,Romania,Romanian Fourth League Maramures,57209035
AS Sageata Dumbravita,Sageata Dumbravita,Romania,Romanian Fourth League Bistrita-Nasaud,57207505
ACS Sepsi OSK Sfantu Gheorghe II,Sepsi OSK II,Romania,Romanian Fourth League Covasna,57207610
CSM Corona Brasov,Corona Brasov,Romania,Romanian Fourth League Brasov,57207668
Fotbal Club Rapid 1923 II,FC Rapid II,Romania,Romanian Fourth League Bucuresti,57208004
AS Bradul M Casin,Bradul Casin,Romania,Romanian Fourth League Bacau,57211566
AS FC Aripi Pitesti 2017,Aripi Pitesti,Romania,Romanian Fourth League Arges,57208365
AS Caiuti,,Romania,Romanian Fourth League Bacau,57211565
CSO Minerul Baia Sprie,Baia Sprie,Romania,Romanian Fourth League Maramures,57209036
ACS Sportivii Bucuresti,Sportivii Bucuresti,Romania,Romanian Fourth League Bucuresti,57209994
ACS Power Team Bucuresti,Power Team,Romania,Romanian Fourth League Bucuresti,57209995
CS Branesti,,Romania,Romanian Fourth League Ilfov,57210019
AS Suporterilor FCM Bacau,FCM Bacau,Romania,Romanian Fourth League Bacau,57211563
ACS Recea,,Romania,Romanian Fourth League Arges,57208364
AS Vointa Plopu,Vointa Plopu,Romania,Romanian Fourth League Braila,57142901
AS Steaua Spatarei,Spatarei,Romania,Romanian Fourth League Teleorman,57072555
ACS Atletic Orbeasca,Atletic Orbeasca,Romania,Romanian Fourth League Teleorman,57072563
Petrolul Ileana,,Romania,Romanian Fourth League Calarasi,57076767
AS Conpet 2006 Stefan cel Mare,,Romania,Romanian Fourth League Calarasi,57076781
AS Triumf Cerna,Triumf Cerna,Romania,Romanian Fourth League Tulcea,57072533
ACS Unirea Milcovu,Unirea Milcovu,Romania,Romanian Fourth League Vrancea,57072452
AS Unirea Stalpu,,Romania,Romanian Fourth League Buzau,57076849
AS Gloria Vadu Pasii,Vadu Pasii,Romania,Romanian Fourth League Buzau,57076867
ACS FC Danut Coman,FC Danut Coman,Romania,Romanian Fourth League Arges,57084244
ACS Urban Titu,Urban Titu,Romania,Romanian Fourth League Dambovita,57086179
AS Biruinta Miroslovesti,Miroslovesti,Romania,Romanian Fourth League Iasi,57072157
ACS Electrica Bucuresti,Electrica Bucuresti,Romania,Romanian Fourth League Bucuresti,57071720
AS Viitorul Garbau,,Romania,Romanian Fourth League Cluj,57071753
CS Glina,,Romania,Romanian Fourth League Ilfov,57072129
Flacara Brusturi,Brusturi,Romania,Romanian Fourth League Neamt,57086583
ACS Viitorul Tg. Frumos,Viitorul Tg. Frumos,Romania,Romanian Fourth League Iasi,57072159
CS Seini,,Romania,Romanian Fourth League Maramures,57072316
Ozana Timisesti,Timisesti,Romania,Romanian Fourth League Neamt,57072376
Viitorul Podoleni,Podoleni,Romania,Romanian Fourth League Neamt,57072387
AS Ghimes Faget Lunca de Sus,Lunca de Sus,Romania,Romanian Fourth League Harghita,57072006
AS M. V. Calugareni,MV Calugareni,Romania,Romanian Fourth League Giurgiu,57117773
CSM Sighetu Marmatiei,CSM Sighet,Romania,Romanian Fourth League Maramures,57119436
Vointa Valu lui Traian,Valu lui Traian,Romania,Romanian Fourth League Constanta,57121720
Siretul Doljesti,Doljesti,Romania,Romanian Fourth League Neamt,57121782
AS Metalul Bogdan Voda,Metalul Bogdan Voda,Romania,Romanian Fourth League Maramures,57121835
AS Flamura Rosie Sascut,Flamura Rosie Sascut,Romania,Romanian Fourth League Bacau,57086355
AS M Frumoasa,,Romania,Romanian Fourth League Harghita,57110316
CS Phoenix Buzias,Phoenix Buzias,Romania,Romanian Fourth League Timis,57125972
ACS Dacia Unirea Braila II,Dacia Unirea Braila II,Romania,Romanian Fourth League Braila,57142105
ACS Vulturii Priboieni 2017,Priboieni,Romania,Romanian Fourth League Arges,57142871
AS Spicul Salva,Spicul Salva,Romania,Romanian Fourth League Bistrita-Nasaud,57142886
AS Viitorul Budesti,,Romania,Romanian Fourth League Valcea,57122003
ACS Viitorul Horia,,Romania,Romanian Fourth League Tulcea,57211614
Bravo Bodesti,Bodesti,Romania,Romanian Fourth League Neamt,57086586
AS Cerna Baia de Arama,Baia de Arama,Romania,Romanian Fourth League Mehedinti,57088302
ACS de Sanatate Vointa Buftea,Vointa Buftea,Romania,Romanian Fourth League Ilfov,57117708
AS AD Mediam Mehadia,Mehadia,Romania,Romanian Fourth League Caras-Severin,57115739
CS Dante Botosani,,Romania,Romanian Fourth League Botosani,57107722
AS Agmonia Zavoi,Zavoi,Romania,Romanian Fourth League Caras-Severin,57110230
Juventus 2007 Toflea,Juventus Toflea,Romania,Romanian Fourth League Galati,57086489
FC Sportul Studentesc,Sportul,Romania,,1512
CS Gloria Resita,Gloria Resita,Romania,,7544116
CS Minerul 2008 Motru,Minerul Motru,Romania,,7540076
ACS Municipal Dunarea Galati,Municipal Dunarea Galati,Romania,,7540446
CS Academia de Fotbal Gica Popescu,Academia Gica Popescu,Romania,Romanian U19 Top League West,7540448
CF Liberty Oradea,Liberty Oradea,Romania,Romanian Lower League,7542456
CSF CFR 1933 Timisoara,CFR Tim.,Romania,Romanian Lower League,7544054
ACS Fortuna Covaci,Fortuna Covaci,Romania,Romanian Lower League,7544102
FCM Targoviste,,Romania,Romanian Lower League,1300954
AS Gloria Islaz,Gloria Islaz,Romania,Romanian Lower League,57072123
Vointa Voinesti,Voinesti (IS),Romania,Romanian Lower League,57072167
AS Codrii Vlasie Moara Vlasiei,Moara Vlasiei,Romania,,57072116
CSS Alexandria,,Romania,,57072561
Inter Cizer,Inter Cizer,Romania,Romanian Lower League,57075247
AS Unirea Tatarastii de Sus,Un. Tatarastii de Sus,Romania,Romanian Lower League,57072573
AS Unirea Cosmesti,Un. Cosmesti,Romania,Romanian Lower League,57072565
Viitorul Ciortesti,Ciortesti,Romania,Romanian Lower League,57072147
ACS Viitorul Valea Mare,Viitorul Valea Mare,Romania,Romanian Lower League,57072522
LPS Roman,,Romania,Romanian U19 National Championship Group 1,57072393
ACS Unirea Tamaseni,Tamaseni,Romania,,57072378
Siretul Adjudeni,Adjudeni,Romania,Romanian Lower League,57072374
Smart Negresti,Smart Negresti,Romania,Romanian Lower League,57072475
Vulturul Balteni,Vulturul Balteni,Romania,Romanian Lower League,57072479
CS Nanov,,Romania,Romanian Lower League,57072559
CS Metalul Frasinet,Met. Frasinet,Romania,Romanian Lower League,57072553
AS Mihaesti,,Romania,Romanian Lower League,57072526
AS Oltetul Zatreni,Oltetul Zatreni,Romania,Romanian Lower League,57072524
Metalul Constanta,Metalul C-ta,Romania,,57072288
Victoria Francesti,V. Francesti,Romania,Romanian Lower League,57072516
Juventus Falciu,,Romania,Romanian Lower League,57072504
Gloria Lunca Banului,Lunca Banului,Romania,Romanian Lower League,57072493
Dinamic Botesti,Dinamic Botesti,Romania,Romanian Lower League,57072483
SC 2000 Lipovat,Lipovat,Romania,Romanian Lower League,57072481
CS Electroaparataj,Electroaparataj,Romania,,57071708
Academia Reghecampf,,Romania,,57071724
AS Vulcan,,Romania,Romanian Lower League,57071683
AS Dunarea Tichilesti,Dunarea Tichilesti,Romania,Romanian Lower League,57071663
AS BSE Belin,BSE Belin,Romania,Romanian Lower League,57071817
AS Venus Ozun,,Romania,Romanian Lower League,57071807
CS II Pestera,CS II Pestera,Romania,Romanian Lower League,57071791
Steaua Sperantei Silistea,Steaua Sperantei,Romania,Romanian Lower League,57071789
Dacia Mircea Voda,Dacia M. Voda,Romania,Romanian Lower League,57071785
Sport Prim Oltina,SP Oltina,Romania,Romanian Lower League,57071781
Danubius Rasova,Rasova,Romania,Romanian Lower League,57071777
ACS Gloria Movila Miresii,Movila Miresii,Romania,Romanian Lower League,57071638
AS Vladeasa Huedin,Vladeasa,Romania,Romanian Lower League,57071750
AS Intersport Maureni,AS Maureni,Romania,Romanian Lower League,57071744
AS Viitorul Vermes,Vermes,Romania,Romanian Lower League,57071742
Carsium Hirsova,Carsium H.,Romania,Romanian Lower League,57071779
Avantul Zapodeni,Av. Zapodeni,Romania,Romanian Lower League,57065643
AS Oltetul Alunu 2016,Oltetul Alunu,Romania,Romanian Lower League,57065641
CS Hidro Ramnicu Valcea,Hidro Ramnicu Valcea,Romania,Romanian U19 National Championship Group 7,57065635
AS Viitorul Ciresu,Viitorul Ciresu,Romania,Romanian Lower League,57071650
FC Ciucasul Intorsura Buzaului,Ciucasul I. Buzaului,Romania,Romanian Lower League,57071823
AFC Budac,Budac,Romania,Romanian Lower League,57071593
AS Steaua Negrasi,Steaua Negrasi,Romania,Romanian Lower League,57069371
Stil Tasnad,Stil Tasnad,Romania,Romanian Lower League,57068947
Vointa Stefan cel Mare,Vointa Stefan cel Mare,Romania,Romanian Lower League,57065645
Somesul Caraseu,Caraseu,Romania,Romanian Lower League,57068900
AS Campineanca,AS Campineanca,Romania,Romanian Lower League,57065657
AS Vointa Stroiesti,V. Stroiesti,Romania,Romanian Lower League,57066725
AS FC Spartak Gottlob,Sp. Gottlob,Romania,Romanian Lower League,57066696
CS Unirea Sannicolau Mare II,Sannicolau Mare II,Romania,Romanian Lower League,57066683
AS FC Real Dragsina,Dragsina,Romania,Romanian Lower League,57066677
CS Unirea Cerneteaz,Unirea Cerneteaz,Romania,Romanian Lower League,57066622
CS Dunarea Gropeni,Dun. Gropeni,Romania,Romanian Lower League,57071642
Victoria Petresti,Victoria Petresti,Romania,Romanian Lower League,57068940
AS Praid,AS Praid,Romania,Romanian Lower League,57071995
Spicul Colilia,Colilia,Romania,Romanian Lower League,57072043
Avantul Luica,Av. Luica,Romania,Romanian Lower League,57076792
CS FC Stiinta Malu Mare,Stiinta Malu Mare,Romania,Romanian Lower League,57071946
ASG Doicesti,AS Doicesti,Romania,Romanian Lower League,57071935
Vointa Reviga,Reviga,Romania,Romanian Lower League,57072045
Juventus Boranesti,Boranesti,Romania,Romanian Lower League,57072052
CS Bradul Moroeni,Moroeni,Romania,Romanian Lower League,57071921
Comertul Viisoara,Viisoara,Romania,Romanian Lower League,57071917
Sugo Batanii Mari,Sugo Batani,Romania,Romanian Lower League,57071825
AS Unirea Bozies,Unirea Bozies,Romania,Romanian Lower League,57072091
AS Avantul Produlesti,Av. Produlesti,Romania,Romanian Lower League,57071924
ASF Dosza Dalnic,,Romania,Romanian Lower League,57071821
Progresul Maldaresti,Maldaresti,Romania,Romanian Lower League,57122005
Prietenia Crucisor,Crucisor,Romania,Romanian Lower League,57121939
Iulius Bogdanesti,Bogdanesti,Romania,Romanian Lower League,57122029
CS Susani,Susani,Romania,Romanian Lower League,57122015
Zorile Scundu,Scundu,Romania,Romanian Lower League,57122013
Viitorul Axintele II,Axintele II,Romania,Romanian Lower League,57126115
AS Cazanesti (VL),AS Cazanesti (VL),Romania,Romanian Lower League,57122001
Topologul Galicea,Galicea,Romania,Romanian Lower League,57121999
AS Foresta Malaia,Malaia,Romania,Romanian Lower League,57121995
AS Sarica Niculitel,Niculitel,Romania,,57121961
AS Scolarii Frecatei,,Romania,,57121959
ACS Izbanda Mihail Kogalniceanu,Izbanda M.K.,Romania,Romanian Lower League,57121951
Viitorul Rebricea,Rebricea,Romania,Romanian Lower League,57122009
Dunarea Corabia,Dun. Corabia,Romania,Romanian Lower League,57129125
AS Flacara Zavoiu,,Romania,Romanian Lower League,57110278
Avantul Comana,,Romania,Romanian Lower League,57135984
CS Cavalerul Trac Cernisoara,Cavalerul Trac,Romania,Romanian Lower League,57133704
Unirea Dobrotesti,Dobrotesti,Romania,Romanian Lower League,57132740
AS Recas,AS Recas,Romania,Romanian Lower League,57131217
Gloria Puiesti,Gl. Puiesti,Romania,Romanian Lower League,57122031
AS Micesti 2002,AS Micesti,Romania,Romanian Lower League,57129847
ACS Viitorul Veresti,Viitorul Veresti,Romania,Romanian Lower League,57121875
CS National Sebis II,Sebis II,Romania,Romanian Lower League,57127507
CSM Pascani II,,Romania,Romanian Lower League,57127421
AFC Arges Pitesti 1953 Vulturii Alb-Violeti,FC Arges 1953,Romania,,57127411
AS Euro Spring,Spring,Romania,Romanian Lower League,57127294
AFC Pianu 2016,AFC Pianu,Romania,Romanian Lower League,57127290
ACS Atletico Vaslui,Atletico Vaslui,Romania,Romanian Lower League,57127068
Unirea Cocorastii Colt,Cocorastii Colt,Romania,Romanian Lower League,57126740
ACS CFR Romgaz Craiova,CFR Romgaz,Romania,Romanian U19 National Championship Group 6,57126168
AS Silva Udesti,Udesti,Romania,Romanian Lower League,57129932
Viitorul Vladila,Vladila,Romania,Romanian Lower League,57114223
Victoria Dobrun,,Romania,Romanian Lower League,57114219
Venus Negrilesti,Negrilesti,Romania,Romanian Lower League,57114217
AS Vulturul Arcalia,Vulturul Arcalia,Romania,Romanian Lower League,57114213
Crisul Alb Buteni,Crisul Alb Buteni,Romania,Romanian Lower League,57110819
AS FC Progresul Racovita,Racovita,Romania,Romanian Lower League,57115875
Unirea Sarateni,Un. Sarateni,Romania,Romanian Lower League,57110389
Olimpia Radulesti,Radulesti,Romania,Romanian Lower League,57110335
Fulgerul Fierbinti,,Romania,Romanian Lower League,57110331
CS Ghelari,CS Ghelari,Romania,Romanian Lower League,57110325
Agrojor Jorasti,Agrojor,Romania,Romanian Lower League,57110291
AFC Victoria Dragos Voda 2019,,Romania,Romanian Lower League,57076783
CS Viitorul 2010 Buzau,Viitorul Bz.,Romania,,57113263
AS Stejari,,Romania,,57117777
AS Speranta Sabareni,Sabareni,Romania,Romanian Lower League,57121528
Tineretul Suhaia,Suhaia,Romania,Romanian Lower League,57121499
AS Victoria 2013 Muntenii de Jos,Victoria Muntenii de Jos,Romania,Romanian Lower League,57120339
Unirea Mirsid,Mirsid,Romania,Romanian Lower League,57119859
ACS Unirea Brinceni,Unirea Brinceni,Romania,Romanian Lower League,57115652
Luceafarul Balan,Luc. Balan,Romania,,57119853
CS ASC Seaca,,Romania,Romanian Lower League,57142678
AS FC Dentas Tartasesti,Dentas Tartasesti,Romania,Romanian Lower League,57117735
AS Unirea Cobia,Cobia,Romania,Romanian Lower League,57117733
Unirea Topraisar,Topraisar,Romania,Romanian Lower League,57117727
Litoral Corbu,Litoral,Romania,Romanian Lower League,57117725
Viorel Kraus Soccer,VK Soccer,Romania,Romanian Lower League,57117707
ACS Halchiu,Halchiu,Romania,Romanian Lower League,57116095
AFC Viitorul Botosani,Viitorul Botosani,Romania,Romanian Lower League,57115983
ACS Sport Team Bucuresti,Sport Team,Romania,Romanian Lower League,57153790
AS Metropolitan Estudiantes FC Bucuresti,Metropolitan Bucuresti,Romania,,57155843
Victoria Hlipiceni,Hlipiceni,Romania,Romanian Lower League,57155842
Vointa Motca,,Romania,Romanian Lower League,57155349
ACS Viitorul 1913 Caransebes,Viitorul Caransebes,Romania,,57154482
AS Recolta Rafnic,Rafnic,Romania,Romanian Lower League,57154481
AS Viitorul I.L. Caragiale,I.L. Caragiale,Romania,Romanian Lower League,57156895
ACS Unirea Banloc,Banloc,Romania,Romanian Lower League,57154432
AS Tineretul Silistea,,Romania,Romanian Lower League,57154236
CS Albota 2012,Albota 2012,Romania,Romanian Lower League,57154112
AS FC Bihor Legenda 1902,Bihor 1902,Romania,Romanian Lower League,57153918
Liceul Tehnologic Sf. Pantelimon,Sf. Pantelimon,Romania,Romanian U19 National Championship Group 4,57153853
FC Viitorul Mihai Georgescu Cluj-Napoca,Viitorul Mihai Georgescu,Romania,,57142084
Secunda Adincata,,Romania,Romanian Lower League,57159233
AS Arrubium Macin,Arrubium Macin,Romania,Romanian Lower League,57159522
Inter Pericei,,Romania,Romanian Lower League,57159491
Cetatea Buciumi,,Romania,Romanian Lower League,57159490
AS Holboca,AS Holboca,Romania,Romanian Lower League,57159236
AS Olimpic Bucuresti,Olimpic Bucuresti,Romania,,57155844
Benfica Nova Geracao,Benfica Nova,Romania,Romanian Lower League,57153495
AS FC Traian,,Romania,Romanian Lower League,57159232
AFK Csikszereda Miercurea Ciuc II,Csikszereda II,Romania,,57159183
CSS Slatina,,Romania,Romanian U19 National Championship Group 6,57159180
AS Unirea Fratesti,Unirea Fratesti,Romania,Romanian Lower League,57159172
ACS Comunal Recolta Dorolt II,Dorolt II,Romania,Romanian Lower League,57157518
AS Ajax Dobrotesti,,Romania,Romanian Lower League,57156897
AS Spic de Grau Ghimpati,Spic de Grau Ghimpati,Romania,Romanian Lower League,57156896
Vointa Maia,,Romania,Romanian Lower League,57159234
AS Viitorul Petrachioaia,Viitorul Petrachioaia,Romania,Romanian Lower League,57142920
ACS Victoria Tinganu,Tinganu,Romania,Romanian Lower League,57142918
AS Gloria Burias,Gloria Burias,Romania,Romanian Lower League,57142916
ACS Cornetu,Cornetu,Romania,Romanian Lower League,57142914
AFC Venus 1914,Venus 1914,Romania,Romanian Lower League,57142912
AS Libertatea Urziceanca,Urziceanca,Romania,Romanian Lower League,57142953
AS Stiinta Odobesti,Stiinta Odobesti,Romania,Romanian Lower League,57142957
ACS Oltul Fagaras,Oltul Fagaras,Romania,Romanian Lower League,57142903
Speranta Dumbravita,Speranta Dumbravita,Romania,Romanian Lower League,57142895
CS Europa Hiliseu,Hiliseu,Romania,Romanian Lower League,57142889
Gaz Metan Valea Lunga,Valea Lunga,Romania,Romanian Lower League,57142861
AS Steaua Magica Iasi,Steaua Magica,Romania,,57142999
Pajura Husi,,Romania,,57143083
CS Hida,,Romania,Romanian Lower League,57143067
Gloria Ban,Gloria Ban,Romania,Romanian Lower League,57143065
AS Tufeni Baicoi,,Romania,Romanian Lower League,57143059
LPS Piatra Neamt,,Romania,Romanian U19 National Championship Group 1,57143057
ACS Electrica Baia Mare,Electrica Baia Mare,Romania,,57143033
ACS Fulgerul Cernica,Fulgerul Cernica,Romania,,57142922
ACS Vointa 2010,Vointa 2010,Romania,,57110276
Stiinta Godinesti,Godinesti,Romania,Romanian Lower League,57142987
AS Olimpia Mirsa,Olimpia Mirsa,Romania,Romanian Lower League,57142985
ACS Vointa Toporu,Vointa Toporu,Romania,Romanian Lower League,57142981
AS U Unirea Joita,Unirea Joita,Romania,,57142977
CS Luceafarul Craiova,Luceafarul Craiova,Romania,,57142963
AS Gloria Chechis,Gloria Chechis,Romania,Romanian Lower League,57143031
ASFC Unirea Maracineni,Un. Maracineni,Romania,Romanian Lower League,57076878
Intersport Filipestii de Targ,Filipestii de Targ,Romania,Romanian Lower League,57080719
AS Turbo Forest Poiana Stampei,Poiana Stampei,Romania,Romanian Lower League,57080183
Sportul Valea Calugareasca,Sp. Val. Calugareasca,Romania,Romanian Lower League,57077249
Sportul Sebes,,Romania,Romanian Lower League,57081026
LPS Iolanda Balas Soter Buzau,LPS Buzau,Romania,Romanian U19 Top League East,57076870
Steaua Lupsanu,Lupsanu,Romania,Romanian Lower League,57086457
AS Viitorul Valea Ramnicului,Viitorul V. Ramnicului,Romania,Romanian Lower League,57076880
CN Dinicu Golescu,Dinicu Golescu,Romania,Romanian U19 National Championship Group 5,57084237
CS Avantul Valea Marului,Valea Marului,Romania,Romanian Fourth League Galati,57110290
Progresul Movila Banului,Movila Banului,Romania,Romanian Lower League,57086435
AS Siretul Vadeni,Vadeni,Romania,Romanian Lower League,57086427
AS Viitorul Selaru,Selaru,Romania,Romanian Lower League,57086358
AS Avantul Bobda,Av. Bobda,Romania,Romanian Lower League,57086294
CSO Faget,,Romania,Romanian Lower League,57086288
Victoria Comisani,Comisani,Romania,Romanian Lower League,57080816
CS Edilul Pitesti,Edilul Pitesti,Romania,Romanian Lower League,57084242
AS Luceafarul Maxenu,Maxenu,Romania,Romanian Lower League,57076860
AS Targsorul Vechi Stancesti,Targsorul Vechi,Romania,Romanian Lower League,57081330
Silva Miracol Harau,Silva Miracol,Romania,Romanian Lower League,57081117
Recolta Urzica,Rec. Urzica,Romania,Romanian Lower League,57075276
AS Progresul Beceni,Progr. Beceni,Romania,Romanian Lower League,57076865
Unirea Spantov,Un. Spantov,Romania,Romanian Lower League,57076765
ACS Zarea Cuza Voda,,Romania,Romanian Lower League,57076753
Fortuna Tamadau,Fortuna Tamadau,Romania,Romanian Lower League,57076751
CS Budesti (CL),CS Budesti (CL),Romania,Romanian Lower League,57076743
Rapid Ulmeni,,Romania,Romanian Lower League,57076773
Avantul Pietroiu,,Romania,Romanian Lower League,57076775
Unirea Parscoveni,Un. Parscoveni,Romania,Romanian Lower League,57075274
Gloria Deveselu,Gl. Deveselu,Romania,Romanian Lower League,57075270
Valea Oltului Ipotesti,V. Oltului Ipotesti,Romania,Romanian Lower League,57075266
Gloria Visina,Gl. Visina,Romania,Romanian Lower League,57075262
Soimii Unirea,Soimii Unirea,Romania,Romanian Lower League,57076739
AS Avantul Chiojdu,Av. Chiojdu,Romania,Romanian Lower League,57076837
CS Pescarusul Luciu,Pescarusul Luciu,Romania,Romanian Lower League,57076855
AS Olimpia Pogoanele,Pogoanele,Romania,Romanian Lower League,57076853
AS Steaua Sahateni,Sahateni,Romania,,57076847
AS Luceafarul C.A. Rosetti,Luc. Rosetti,Romania,Romanian Lower League,57076843
International Canesti,Inter Canesti,Romania,Romanian Lower League,57076841
Avantul Dor Marunt,Av. Dor Marunt,Romania,Romanian Lower League,57076771
Atletic Dorobantu,Dorobantu,Romania,Romanian Lower League,57086463
AS Victoria Boboc,Victoria Boboc,Romania,Romanian Lower League,57076834
AS Viitorul Tisau,V. Tisau,Romania,Romanian Lower League,57076830
Lumina Frumusani,Frumusani,Romania,Romanian Lower League,57076794
ACS MSE Tirgu Mures,MSE Tirgu Mures,Romania,,57065509
Dinamo Sarulesti,,Romania,Romanian Lower League,57076779
CS Viitorul 08 Vernesti,Viitorul 08 Vernesti,Romania,Romanian Lower League,57076839
Vointa Bosia,Bosia,Romania,Romanian Lower League,57107747
AS Vointa Racasdia,Racasdia,Romania,Romanian Lower League,57107741
CS Mihalaseni,CS Mihalaseni,Romania,Romanian Lower League,57107729
AS Unirea Ciceu Giurgesti,Unirea Ciceu Giurgesti,Romania,Romanian Lower League,57107716
AS Real Budus,Budus,Romania,Romanian Lower League,57107714
Bradetul Stefesti,Stefesti,Romania,Romanian Lower League,57107760
AS Cazanesti (IL),Cazanesti (IL),Romania,Romanian Lower League,57109400
Otelul Larissa Dobrota,Otelul Larissa,Romania,Romanian Lower League,57106196
Vointa Cocora,Cocora,Romania,Romanian Lower League,57106130
Vointa Ciorani,Ciorani,Romania,Romanian Lower League,57106100
ACSF Athletico Floreasca,Athletico Floreasca,Romania,Romanian Lower League,57106090
CS Virtoape,CS Virtoape,Romania,Romanian Lower League,57105536
Inter Ciugud,,Romania,Romanian Lower League,57105164
FC Curciu,FC Curciu,Romania,Romanian Lower League,57105113
AFC Puiesti,AFC Puiesti,Romania,Romanian Lower League,57086437
Viitorul Marghita,Marghita,Romania,,57107563
AS Vointa Pietrosita,Pietrosita,Romania,Romanian Lower League,57110269
Recolta Nicolae Balcescu,Rec. Nic Balcescu,Romania,Romanian Lower League,57110260
Viitorul Stiubei,Stiubei,Romania,Romanian Lower League,57110225
Focul Viu Lopatari,Focul Viu,Romania,Romanian Lower League,57110224
Vointa Vadu Parului,Vadu Parului,Romania,Romanian Lower League,57107758
Victoria Grebanu,Grebanu,Romania,Romanian Lower League,57110210
AS Viitorul Rusetu,Rusetu,Romania,Romanian Lower League,57110202
ACS Muresul Vintu de Jos,Vintu de Jos,Romania,Romanian Lower League,57109868
CFR Constanta,,Romania,,57109799
Victoria Cochirleanca,Cochirleanca,Romania,Romanian Lower League,57110212
AS Vulturii Pasarea,Vulturii Pasarea,Romania,Romanian Lower League,57102906
Cetatea Almasu,Cet. Almasu,Romania,Romanian Lower League,57086547
Vointa Ganesti,Ganesti,Romania,Romanian Lower League,57086533
AFC Viitorul Ganeasa,Ganeasa,Romania,Romanian Lower League,57086507
Stiinta Dragutesti,Dragutesti,Romania,Romanian Lower League,57086501
AS Popesti 2009,AS Popesti 2009,Romania,Romanian Lower League,57086557
Oltul Coseni,Oltul Coseni,Romania,Romanian Lower League,57086486
Experti 2000 Popesti,Experti Popesti,Romania,Romanian Lower League,57086559
Victoria Mihai Viteazul,,Romania,Romanian Lower League,57086480
Avantul Matca,Matca,Romania,Romanian Lower League,57086491
CS Victoria Stiinta Celaru,Celaru,Romania,Romanian Lower League,57088199
CS Dinamyk Craiova,Dinamyk Craiova,Romania,,57100619
CSM Progresul Bailesti,Progresul Bailesti,Romania,,57100617
CSJ Stiinta Universitatea Craiova,CSJ Stiinta U Craiova,Romania,Romanian U19 National Championship Group 6,57100553
FC Dranceni,FC Dranceni,Romania,Romanian Lower League,57088316
Gloria Moftinu Mare,Moftinu Mare,Romania,Romanian Lower League,57088306
AS Petrolul Poeni,Petrolul Poeni,Romania,Romanian Lower League,57088293
CS Progresul Palanca,Palanca,Romania,Romanian Lower League,57088280
Minerul Teliuc,Min. Teliuc,Romania,Romanian Lower League,57088209
AS Vointa Caldarasti,Caldarasti,Romania,Romanian Lower League,57088047
ASC Corona 2010 Brasov,,Romania,,57086615
Troesmis Turcoaia,Troesmis,Romania,Romanian Lower League,57086600
Inter Brebeni,Inter Brebeni,Romania,Romanian Lower League,57086574
AS Iancu Jianu,AS Iancu Jianu,Romania,Romanian Lower League,57086570
Recolta Balteni,Rec. Balteni,Romania,Romanian Lower League,57086566
FC Viorel Mateianu Baia Mare,FC Viorel Mateianu,Romania,Romanian Lower League,57088223
Vointa Macea,Macea,Romania,Romanian Lower League,57000785
Clubul Sportiv Footbal Club Juventus Bistrita,Juventus Bistrita,Romania,Romanian Lower League,57007496
Atletico Arad,Atletico Arad,Romania,Romanian Lower League,57007199
CS CFR Simeria,CFR Simeria,Romania,Romanian U19 National Championship Group 9,57002786
CS Timisul Albina,Timisul Albina,Romania,Romanian Lower League,57000342
1 Decembrie,,Romania,Romanian Lower League,57000104
AS Marius Lacatus,AS Marius Lacatus,Romania,,57007620
FC Auto Timisoara,Auto Timisoara,Romania,Romanian Lower League,57009157
AS FC Interstar Sibiu,FC Interstar Sibiu,Romania,,57007927
CS Srbianka Giuchici Timisoara,Srbianka,Romania,Romanian Lower League,57007857
Scoala de Fotbal Nicolae Dobrin Pitesti,FC Nicolae Dobrin,Romania,Romanian Lower League,57007624
LPS Banatul Timisoara,LPS Banatul,Romania,Romanian U19 Top League West,57007622
Grupul Scolar Agricol Nucet,Nucet,Romania,Romanian U19 National Championship Group 5,57007498
ACS FC Ardealul Cluj,Ardealul,Romania,Romanian Lower League,57007497
Raraul Campulung Moldovenesc,Raraul,Romania,Romanian Lower League,57015196
Biharea Marmogranit Vascau,Vascau,Romania,Romanian Lower League,57061096
AS Vointa Zvoristea,Zvoristea,Romania,Romanian Lower League,57061222
AS Vointa Gaiseanca,Gaiseanca,Romania,Romanian Lower League,57065235
Izvorul Hoghiz,Izv. Hoghiz,Romania,Romanian Lower League,57065220
AS Soimii Chirales,Chirales,Romania,Romanian Lower League,57065188
ACS Viitorul Lechinta,Viitorul Lechinta,Romania,Romanian Lower League,57065159
Cariocas Constanta,Cariocas,Romania,Romanian Lower League,57063028
AS Pro Luceafarul Bucuresti,Pro Luceafarul,Romania,,57061395
CS Posada Perisani,Posada Perisani,Romania,,57061234
ACS Foresta Moldovita 1947,Foresta Moldovita,Romania,Romanian Lower League,57061223
Viitorul Unirea,Viitorul Unirea,Romania,Romanian Lower League,57065154
Recolta Boldu,Boldu,Romania,Romanian Lower League,57061115
AS Cereanim Smeeni,Smeeni,Romania,Romanian Lower League,57061117
AS Victoria Dedulesti,Dedulesti,Romania,Romanian Lower League,57061108
AS Viitorul Galbenu,Galbenu,Romania,Romanian Lower League,57061107
CS Vointa Mailat,Vointa Mailat,Romania,Romanian Lower League,57009445
CS Pressing Bucuresti,Pressing Buc.,Romania,Romanian Lower League,57061141
AS Tricolorul Galbinasi,Tricolorul Galbinasi,Romania,Romanian Lower League,57065257
Fratia,,Romania,Romanian Lower League,57061142
Avantul Pielesti,Av. Pielesti,Romania,Romanian Lower League,57061170
Victoria Cumpana,,Romania,,57061161
AS Cautis Steaua Sudului Bucuresti,Cautis,Romania,,57061146
CSO Bragadiru,,Romania,,57061180
Unirea Hereclean,Un. Hereclean,Romania,Romanian Lower League,57065583
CS Brazi,CS Brazi,Romania,Romanian Lower League,57065518
CS Ceptura,,Romania,,57065516
AS Speranta Maxineni,Maxineni,Romania,Romanian Lower League,57065237
AS Venus Maeriste,Venus Maeriste,Romania,Romanian Lower League,57065571
AS Juventus Pischia,Pischia,Romania,Romanian Lower League,57065621
AS Steaua Dumbraveni,Steaua Dumbraveni,Romania,Romanian Lower League,57065602
CS Unirea Vinatorii Mici,Unirea Vinatorii Mici,Romania,Romanian Lower League,57065387
AS Scarisoara,AS Scarisoara,Romania,Romanian Lower League,57065351
AS Siretul Piscu,Siretul Piscu,Romania,Romanian Lower League,57065340
Vointa Cismele,Cismele,Romania,Romanian Lower League,57065336
AS Malina Smardan,Malina Smardan,Romania,Romanian Lower League,57065334
Dinamo Inter Stanesti,Dinamo Stanesti,Romania,Romanian Lower League,57065406
AS Luceafarul Darmanesti,Luceafarul Darmanesti,Romania,Romanian Lower League,57065315
Stiinta Ceplea,Ceplea,Romania,Romanian Lower League,57065409
CS Contesti,CS Contesti,Romania,Romanian Lower League,57065309
AS FC Potlogi,FC Potlogi,Romania,Romanian Lower League,57065304
AS Berzasca,Berzasca,Romania,,57065284
Olimpia Rotunda,Ol. Rotunda,Romania,Romanian Lower League,57065267
Unirea Hanu Conachi,Hanu Conachi,Romania,Romanian Lower League,57065325
AS Gaz-Metan Danes,Gaz-Metan Danes,Romania,Romanian Lower League,57065505
Victoria Devesel,V. Devesel,Romania,Romanian Lower League,57065495
Libertatea Salcioara,Lib. Salcioara,Romania,Romanian Lower League,57065471
AS Zarandu Criscior,Zarandu Criscior,Romania,Romanian Lower League,57065455
CS Avantul Mircea Voda,Av. Mircea Voda,Romania,Romanian Lower League,57065239
AS Aurul Certej,Aurul Certej,Romania,Romanian Lower League,57065441
AS Universitatea Petrosani,U Petrosani,Romania,Romanian Lower League,57065439
Stiinta Pestisani,Pestisani,Romania,Romanian Lower League,57065435
AS Energetica Tismana,Energetica Tismana,Romania,Romanian Lower League,57065431
Viitorul Dumbrava Calnic,Calnic,Romania,Romanian Lower League,57065429
AS Metalul Criscior,Metalul Criscior,Romania,Romanian Lower League,57065457
AS Municipal Constanta,Municipal C-ta,Romania,Romanian Lower League,57053610
Utchim Gaesti,Utchim,Romania,Romanian Lower League,57053605
ACF Baban Marcel,Baban Marcel,Romania,,57050305
AS Noua Generatie Macin,Macin,Romania,,57050241
Torpedo Zarnesti,Torpedo Zarnesti,Romania,Romanian Lower League,57050045
AS Avantul Frasin,Frasin,Romania,Romanian Lower League,57050030
CIL Sighet,,Romania,,57049994
Astra Raducaneni,Astra Raducaneni,Romania,Romanian Lower League,57049855
ACF Dunarea Zimnicea,Dunarea Zimnicea,Romania,,57057258
Bradul Roznov,,Romania,,57057251
CS Sopot,CS Sopot,Romania,Romanian Lower League,57057229
CS Unirea 1946 Floresti,Unirea Floresti,Romania,Romanian Lower League,57057225
CS Recolta Cislau,Recolta Cislau,Romania,Romanian Lower League,57057205
FC Tufesti,FC Tufesti,Romania,Romanian Lower League,57057199
CSS Tecuci,,Romania,,57057231
CS Progresul Gataia,Progresul Gataia,Romania,Romanian Lower League,57034149
Viitorul Muncel,Viitorul Muncel,Romania,Romanian Lower League,57049831
ACS Electrica 1929 Timisoara,Electrica Timisoara,Romania,Romanian Lower League,57032306
CSS Brasovia Brasov,CSS Brasovia,Romania,Romanian U19 National Championship Group 8,57031430
Sportul Studentesc Iasi,Sp. Stud. Iasi,Romania,Romanian Lower League,57031387
ACS Agro Company Bacia,Agro Company,Romania,Romanian Lower League,57015796
AFC Metalul Filipestii de Padure,Filipestii de Padure,Romania,Romanian Lower League,57015199
CSM Fagaras,,Romania,Romanian U19 National Championship Group 8,57035982
CS Avantul Conpet Ciresu,Conpet Ciresu,Romania,Romanian Lower League,57048723
Izvorul Cociuba Mare,Cociuba Mare,Romania,Romanian Lower League,57048719
CSM Dorna Vatra Dornei,Dorna V. Dornei,Romania,Romanian Lower League,57048691
Cetatea Apata 2009,Cetatea Apata,Romania,Romanian Lower League,57048670
AS Unirea Seitin,Seitin,Romania,Romanian Lower League,57048471
ACS Aqua Vest Arad,Aqua Vest,Romania,Romanian Lower League,57048463
CS Dorobanti,,Romania,Romanian Lower League,57048460
ACS FC Chisoda,Chisoda,Romania,Romanian Lower League,57048144
Olimpia Cauas,Olimpia Cauas,Romania,Romanian Lower League,57048018
FC Zimandu Nou,FC Zimandu Nou,Romania,Romanian Lower League,57048602
Viitorul Popesti,Vitorul Popesti,Romania,Romanian Lower League,57061089
CS Damila Maciuca,Damila,Romania,Romanian Lower League,57057266
AS Vointa Sacueni,Sacueni,Romania,Romanian Lower League,57061093
Cetatea Biharia,,Romania,Romanian Lower League,57061092
Victoria Avram Iancu,Avram Iancu,Romania,Romanian Lower League,57061090
CS Cuprirom Abrud,Cuprirom Abrud,Romania,Romanian Lower League,57061065
CS Ariesul Apuseni Baia de Aries,Ariesul Apuseni,Romania,Romanian Lower League,57061064
Minerul Aninoasa,Min. Aninoasa,Romania,Romanian Lower League,57059847
AS Straduinta Mihaileni,Mihaileni,Romania,Romanian Lower League,57059846
Grupul Scolar Ion Banescu Mangalia,GSIB Mangalia,Romania,Romanian Lower League,57059834
Dunarea Ostrov,Dun. Ostrov,Romania,Romanian Lower League,57059833
AFC Urleasca,,Romania,Romanian Lower League,57059832
FC Energia Unirea Feldioara,En. Feldioara,Romania,Romanian Lower League,57057616
LPS Vaslui,,Romania,Romanian U19 National Championship Group 2,57057282
Foresta Sendreni,Sendreni,Romania,Romanian Lower League,57059839
CS Domnesti (AG),CS Domnesti (AG),Romania,Romanian Lower League,57061075
AS Mirosi,AS Mirosi,Romania,Romanian Lower League,57061076
AS Flacara Boteni,Flacara Boteni,Romania,Romanian Lower League,57061074
AS Balomir Acmariu,Balomir,Romania,Romanian Lower League,57061068
Rapid CFR Teius,,Romania,Romanian Lower League,57061066
ACS Petrosport Ploiesti,Petrosport Ploiesti,Romania,Romanian U19 National Championship Group 4,57172204
CSM Ploiesti,,Romania,Romanian U19 National Championship Group 4,57172201
CSS Soimii Sibiu,,Romania,Romanian U19 National Championship Group 8,57172197
AFC Gloria Junior,Gloria Junior,Romania,Romanian U19 National Championship Group 10,57172182
ACS Atletic Zalau,Atletic Zalau,Romania,Romanian U19 National Championship Group 11,57172178
ACS Luceafarul Drobeta,Luceafarul Drobeta,Romania,Romanian U19 National Championship Group 7,57172171
FC Star Sport Arges,,Romania,,57172207
ACS FC Delta Dobrogea Tulcea II,Delta Dobrogea II,Romania,,57191039
ACS Industria Galda II,Industria Galda II,Romania,Romanian Lower League,57207437
CS Flacara Parta,Flacara Parta,Romania,Romanian Lower League,57191003
ACS Unirea Scanteia,,Romania,Romanian Lower League,57174519
ACS Vointa Hurez,Vointa Hurez,Romania,Romanian Lower League,57172388
ACS Viitorul Arges Alexandru Duminica,Viitorul Arges,Romania,Romanian U19 National Championship Group 5,57172210
Academica Bals,,Romania,,57191014
Egri Sasok Agris,,Romania,Romanian Lower League,57191024
ACS Coada Izvorului,Coada Izvorului,Romania,Romanian Lower League,57171290
CF Metalurgistul Cugir 1939 II,Metalurgistul Cugir II,Romania,Romanian Lower League,57171579
Avantul Golaiesti,,Romania,Romanian Lower League,57171160
ACS Pro Team,Pro Team,Romania,Romanian U19 National Championship Group 3,57172144
ACS Victoria 2010,Victoria 2010,Romania,,57172147
AS Viitorul Razvad,,Romania,Romanian Fourth League Dambovita,57211646
AS Tartd Varsag,Tartd Varsag,Romania,Romanian Lower League,57190794
CS Gloria Lunca Teuz Cermei II,Lunca Teuz II,Romania,Romanian Lower League,57185024
CS Sporting Recea,Sporting Recea,Romania,Romanian Lower League,57189839
Sporting Zalau,,Romania,Romanian Lower League,57181539
AS CS Farul Constanta,FC Farul,Romania,,57187798
ACS Atletico Junior Bacau,,Romania,,57189776
CSM Targu Mures,,Romania,,57189760
FC Unirea Dej II,Unirea Dej II,Romania,Romanian Lower League,57189664
ACS Viitorul 2014 Soporu de Campie,Soporu de Campie,Romania,Romanian Lower League,57189663
Gloria Romanesti,,Romania,Romanian Lower League,57188334
Dacia Mihalt,,Romania,Romanian Lower League,57188096
ACS Kids Tampa Brasov,Kids Tampa Brasov,Romania,Romanian U19 Top League West,57187799
Unirea Teleajean Ploiesti,Teleajean Ploiesti,Romania,Romanian Lower League,57175567
CSO Magura Slanic,Slanic,Romania,Romanian Lower League,57175562
ACS Pro Giurgiu,Pro Giurgiu,Romania,,57175292
AS Oltetu Balcesti 2014,Oltetu Balcesti,Romania,Romanian Lower League,57175153
Viitorul Umbraresti,,Romania,Romanian Lower League,57175033
ACS Staruinta Zagon,Staruinta Zagon,Romania,,57174876
ACS Moara Domneasca,Moara Domneasca,Romania,Romanian Lower League,57190751
AS Copsa Mica,,Romania,Romanian Lower League,57175611
ACS Unirea Vela,Unirea Vela,Romania,Romanian Lower League,57190463
CSS Drobeta Turnu Severin,CSS Drobeta,Romania,Romanian U19 National Championship Group 7,57161640
LPS Cluj-Napoca,,Romania,Romanian U19 National Championship Group 11,57161702
FC Mara 2010 Baia Mare,Mara 2010 Baia Mare,Romania,,57161700
CSS LT Lucian Blaga Reghin,LT Lucian Blaga,Romania,Romanian U19 National Championship Group 10,57161697
LPS Bihorul Oradea,LPS Bihor,Romania,Romanian U19 Top League West,57161637
CS Soimii Lipova II,Soimii Lipova II,Romania,Romanian Lower League,57208281
CSS 2 Baia Mare,,Romania,Romanian U19 National Championship Group 11,57161704
ACSO Filiasi II,,Romania,Romanian Lower League,57208356
LPS Iasi,,Romania,Romanian U19 National Championship Group 1,57161652
LPS Satu Mare,,Romania,Romanian U19 National Championship Group 11,57161631
LPS Slatina,,Romania,Romanian U19 National Championship Group 6,57161682
LPS Bacau,,Romania,Romanian U19 National Championship Group 2,57161656
FC Buzau,FC Buzau,Romania,Romanian Lower League,57161868
AS Steluta Balanoaia,Steluta Balanoaia,Romania,Romanian Lower League,57161856
AS FC Ceres Min Ceamurlia de Jos,Ceamurlia de Jos,Romania,,57211612
CSS Targoviste,,Romania,Romanian U19 National Championship Group 5,57161672
CSS Craiova,,Romania,Romanian U19 National Championship Group 6,57161683
LPS Sebes,,Romania,Romanian U19 National Championship Group 10,57161685
CN Gib Mihaescu Dragasani,Gib Mihaescu Dragasani,Romania,Romanian Lower League,57161678
LPS Viitorul Pitesti,,Romania,Romanian U19 National Championship Group 5,57161680
LPS Targu Jiu,,Romania,Romanian U19 National Championship Group 7,57161684
Liceul Regina Maria CSS Dorohoi,CSS Dorohoi,Romania,Romanian Lower League,57161657
LPS Targu Mures,,Romania,Romanian U19 National Championship Group 10,57161693
LPS Galati,,Romania,Romanian U19 National Championship Group 2,57161660
Liceul Teoretic Stefan cel Mare,Liceul Stefan cel Mare,Romania,Romanian Lower League,57161663
LPS Bistrita,,Romania,Romanian U19 National Championship Group 10,57161691
ACS Somuz Falticeni II,Somuz Falticeni II,Romania,Romanian Lower League,57208812
CSS Lugoj,,Romania,Romanian U19 National Championship Group 9,57161689
ACS Performer Constanta,Performer Constanta,Romania,,57161665
CSS Caransebes,,Romania,Romanian U19 National Championship Group 9,57161688
LPS Focsani,,Romania,Romanian U19 National Championship Group 2,57161661
ACS Young Steaua Alexandria,,Romania,,57169114
AS Gloria Frumoasa,Gloria Frumoasa,Romania,Romanian Lower League,57168352
AS SC Rapid,SC Rapid,Romania,Romanian Lower League,57161241
ACS Prosport Academy,Prosport Academy,Romania,Romanian U19 National Championship Group 4,57208103
AS Unirea Urmenis,Unirea Urmenis,Romania,Romanian Lower League,57210321
Club Sportiv Municipal Galati,CSM Galati,Romania,Romanian U19 National Championship Group 2,57208093
AS Vointa Dipsa,Vointa Dipsa,Romania,Romanian Lower League,57210326
AS FC Bazosu Vechi,Bazosu Vechi,Romania,Romanian Lower League,57169592
SCM Ramnicu Valcea,,Romania,Romanian U19 National Championship Group 7,57170885
Academia Ladislau Brosovzsky,,Romania,,57167480
ACS Viitorul Cluj Junior,Viitorul Cluj,Romania,Romanian U19 National Championship Group 11,57208120
AS Vointa Matei,Vointa Matei,Romania,Romanian Lower League,57210315
Academia de Fotbal Farul Constanta,Academia Farul,Romania,,57161623
ASU Politehnica Timisoara II,ASU Politehnica II,Romania,Romanian Lower League,57162247
CS Alma Sibiu,Alma Sibiu,Romania,Romanian U19 National Championship Group 8,57208115
CS Beliu,,Romania,Romanian Fourth League Arad,57210066
AS Targu Ocna,Targu Ocna,Romania,,57061082